Council Area,Organisation ,Session Name,Activity Status,Support Type,Delivery Type,Age Group,Day,Start,End,Address,Postcode,Lead Contact,Phone,Email,Website,Self Referral,Cost Type,Cost Amount,Eligibility,Description on Recovery Map,Additional Notes,Category,Start Time,End Time,Time Range,Full Address,lat,lng
Dundee City,Street Soccer Scotland,Adult Drop-In Session,Scheduled Activity,Activity Based,Drop-In,Adults,Tuesday,13:00:00,15:00:00,"Change Centre, South Road, Dundee",DD2 4SR,Justin Mulholland,07301 592676,justin@streetsoccer.org.uk,https://www.streetsoccer.org.uk/scotland/change-centre/,Yes,Free,,Age 16 +  from vulnerable backgrounds,Aim to create and inspire positive change by delivering a range of sport activity programmes.,"Using football as the engagement hook, we provide education, mental health provision, poverty relief, employability, social connection, volunteering opportunities and positive support networks.",Activity Based,13:00,15:00,13:00-15:00,"Change Centre, South Road, Dundee, DD2 4SR, Scotland",56.471076,-3.04798
Dundee City,Street Soccer Scotland,Adult Drop-In Session,Scheduled Activity,Activity Based,Drop-In,Adults,Thursday,11:00:00,12:00:00,"Change Centre, South Road, Dundee",DD2 4SR,Justin Mulholland,07301 592676,justin@streetsoccer.org.uk,https://www.streetsoccer.org.uk/scotland/change-centre/,Yes,Free,,Age 16 +  from vulnerable backgrounds,Aim to create and inspire positive change by delivering a range of sport activity programmes.,"Using football as the engagement hook, we provide education, mental health provision, poverty relief, employability, social connection, volunteering opportunities and positive support networks.",Activity Based,11:00,12:00,11:00-12:00,"Change Centre, South Road, Dundee, DD2 4SR, Scotland",56.471076,-3.04798
Dundee City,Street Soccer Scotland,Adult Drop-In Session,Scheduled Activity,Activity Based,Drop-In,Adults,Thursday,13:00:00,15:00:00,"Change Centre, South Road, Dundee",DD2 4SR,Justin Mulholland,07301 592676,justin@streetsoccer.org.uk,https://www.streetsoccer.org.uk/scotland/change-centre/,Yes,Free,,Age 16 +  from vulnerable backgrounds,Aim to create and inspire positive change by delivering a range of sport activity programmes.,"Using football as the engagement hook, we provide education, mental health provision, poverty relief, employability, social connection, volunteering opportunities and positive support networks.",Activity Based,13:00,15:00,13:00-15:00,"Change Centre, South Road, Dundee, DD2 4SR, Scotland",56.471076,-3.04798
Dundee City,Street Soccer Scotland,Adult Drop-In Session,Scheduled Activity,Activity Based,Drop-In,Adults,Friday,11:30:00,12:30:00,"Change Centre, South Road, Dundee",DD2 4SR,Justin Mulholland,07301 592676,justin@streetsoccer.org.uk,https://www.streetsoccer.org.uk/scotland/change-centre/,Yes,Free,,Age 16 +  from vulnerable backgrounds,Aim to create and inspire positive change by delivering a range of sport activity programmes.,"Using football as the engagement hook, we provide education, mental health provision, poverty relief, employability, social connection, volunteering opportunities and positive support networks.",Activity Based,11:30,12:30,11:30-12:30,"Change Centre, South Road, Dundee, DD2 4SR, Scotland",56.471076,-3.04798
Dundee City,Street Soccer Scotland,Women'S Drop-In Session,Scheduled Activity,Activity Based,Drop-In,Adults,Tuesday,11:00:00,12:00:00,"Change Centre, South Road, Dundee",DD2 4SR,Justin Mulholland,07301 592676,justin@streetsoccer.org.uk,https://www.streetsoccer.org.uk/scotland/change-centre/,Yes,Free,,Women Age 16 +  from vulnerable backgrounds,Aim to create and inspire positive change by delivering a range of sport activity programmes.,"Using football as the engagement hook, we provide education, mental health provision, poverty relief, employability, social connection, volunteering opportunities and positive support networks.",Activity Based,11:00,12:00,11:00-12:00,"Change Centre, South Road, Dundee, DD2 4SR, Scotland",56.471076,-3.04798
Dundee City,Street Soccer Scotland,Women'S Drop-In Session,Scheduled Activity,Activity Based,Drop-In,Women,Wednesday,10:00:00,11:00,"Change Centre, South Road, Dundee",DD2 4SR,Justin Mulholland,07301 592676,justin@streetsoccer.org.uk,https://www.streetsoccer.org.uk/scotland/change-centre/,Yes,Free,,Women Age 16 +  from vulnerable backgrounds,Aim to create and inspire positive change by delivering a range of sport activity programmes.,"Using football as the engagement hook, we provide education, mental health provision, poverty relief, employability, social connection, volunteering opportunities and positive support networks.",Activity Based,10:00,11:00,10:00-11:00,"Change Centre, South Road, Dundee, DD2 4SR, Scotland",56.471076,-3.04798
Dundee City,Street Soccer Scotland,Adult Fitness,Scheduled Activity,Activity Based,Group,Adults,Wednesday,12:30:00,13:30:00,"Change Centre, South Road, Dundee",DD2 4SR,Justin Mulholland,07301 592676,justin@streetsoccer.org.uk,https://www.streetsoccer.org.uk/scotland/change-centre/,Yes,Free,,Age 16 +  from vulnerable backgrounds,Aim to create and inspire positive change by delivering a range of sport activity programmes.,"Using football as the engagement hook, we provide education, mental health provision, poverty relief, employability, social connection, volunteering opportunities and positive support networks.",Activity Based,12:30,13:30,12:30-13:30,"Change Centre, South Road, Dundee, DD2 4SR, Scotland",56.471076,-3.04798
Dundee City,Street Soccer Scotland,Adult Walking Group,Scheduled Activity,Activity Based,Group,Adults,Wednesday,13:00:00,14:30:00,"Change Centre, South Road, Dundee",DD2 4SR,Justin Mulholland,07301 592676,justin@streetsoccer.org.uk,https://www.streetsoccer.org.uk/scotland/change-centre/,Yes,Free,,Age 16 +  from vulnerable backgrounds,Aim to create and inspire positive change by delivering a range of sport activity programmes.,"Using football as the engagement hook, we provide education, mental health provision, poverty relief, employability, social connection, volunteering opportunities and positive support networks.",Activity Based,13:00,14:30,13:00-14:30,"Change Centre, South Road, Dundee, DD2 4SR, Scotland",56.471076,-3.04798
Dundee City,Street Soccer Scotland,Adult Drop-In Session,Scheduled Activity,Activity Based,Drop-In,Adults,Monday,11:00:00,13:00:00,"Douglas Community Centre, Balmoral Avenue, Dundee",DD4 8SD,Justin Mulholland,07301 592676,justin@streetsoccer.org.uk,https://www.streetsoccer.org.uk/scotland/change-centre/,Yes,Free,,Age 16 +  from vulnerable backgrounds,Aim to create and inspire positive change by delivering a range of sport activity programmes.,"Using football as the engagement hook, we provide education, mental health provision, poverty relief, employability, social connection, volunteering opportunities and positive support networks.",Activity Based,11:00,13:00,11:00-13:00,"Douglas Community Centre, Balmoral Avenue, Dundee, DD4 8SD, Scotland",56.478979,-2.902232
Dundee City,Street Soccer Scotland,Adult Drop-In Session,Scheduled Activity,Activity Based,Drop-In,Adults,Thursday,11:00:00,13:00:00,"Douglas Community Centre, Balmoral Avenue, Dundee",DD4 8SD,Justin Mulholland,07301 592676,justin@streetsoccer.org.uk,https://www.streetsoccer.org.uk/scotland/change-centre/,Yes,Free,,Age 16 +  from vulnerable backgrounds,Aim to create and inspire positive change by delivering a range of sport activity programmes.,"Using football as the engagement hook, we provide education, mental health provision, poverty relief, employability, social connection, volunteering opportunities and positive support networks.",Activity Based,11:00,13:00,11:00-13:00,"Douglas Community Centre, Balmoral Avenue, Dundee, DD4 8SD, Scotland",56.478979,-2.902232
Dundee City,Street Soccer Scotland,Walking Football,Scheduled Activity,Activity Based,Group,Older Adults,Friday,12:30:00,14:00:00,"Change Centre, South Road, Dundee",DD2 4SR,Jim McDonald,07803 610305,Johnandannmcd@gmail.com,https://www.walkingfootballscotland.org/find-a-session/2024/1/4/street-soccer-dundee,Yes,Paid,TBC,All age groups with a strong focus on the 50 plus age category,Not on Recovery Map,"To improve, maintain and promote the physical, mental and social wellbeing of older adults through walking football.",Activity Based,12:30,14:00,12:30-14:00,"Change Centre, South Road, Dundee, DD2 4SR, Scotland",56.471076,-3.04798
Dundee City,Ardler Complex Walking Football Club,Walking Football,Scheduled Activity,Activity Based,Group,Older Adults,Wednesday,16:00:00,18:00:00,"Ardler Complex, Turnberry Avenue, Dundee",DD2 3TP,Neil Whitton,07806 655152,neil.whitton@nhs.scot or mohrag_mitchell@msn.com,https://www.walkingfootballscotland.org/find-a-session/2019/4/26/ardler-complex-walking-football-club,Yes,Paid,£1.40 + voluntary £2 donation,All age groups with a strong focus on the 50 plus age category,Ardler Complex walking football and other sports.,"To improve, maintain and promote the physical, mental and social wellbeing of older adults through walking football.",Activity Based,16:00,18:00,16:00-18:00,"Ardler Complex, Turnberry Avenue, Dundee, DD2 3TP, Scotland",56.488118,-3.014678
Angus,Dundee United Sports Club,Walking Football,Scheduled Activity,Activity Based,Group,Older Adults,Monday,18:00:00,19:00:00,"Saltire Leisure Centre (Indoors), Arbroath",DD11 5JN,Steven Maloney,07739 350219,Dusc1984@outlook.com,https://www.walkingfootballscotland.org/find-a-session/dundee-united-sports-club,Yes,Unknown,,All age groups with a strong focus on the 50 plus age category,Not on Recovery Map,"To improve, maintain and promote the physical, mental and social wellbeing of older adults through walking football.",Activity Based,18:00,19:00,18:00-19:00,"Saltire Leisure Centre (Indoors), Arbroath, DD11 5JN, Scotland",56.569529,-2.580454
Dundee City,Dundee United Sports Club,Walking Football,Scheduled Activity,Activity Based,Group,Older Adults,Thursday,18:00:00,19:00:00,"Craigie Community Sports Arena, Dundee",DD4 7SY,Steven Maloney,07739 350219,Dusc1984@outlook.com,https://www.walkingfootballscotland.org/find-a-session/dundee-united-sports-club,Yes,Unknown,,All age groups with a strong focus on the 50 plus age category,Not on Recovery Map,"To improve, maintain and promote the physical, mental and social wellbeing of older adults through walking football.",Activity Based,18:00,19:00,18:00-19:00,"Craigie Community Sports Arena, Dundee, DD4 7SY, Scotland",56.475584,-2.918612
Dundee City,Walk & Talk Scotland,Walking Football,Scheduled Activity,Activity Based,Group,Older Adults,Sunday,13:00:00,14:00:00,"Fairfield Astro Turf (outdoor), Fairfield Community Sports Hub SCIO, Drumgeith Road, Dundee",DD4 0JX,Gordon Farquharson,0795 0227321,gordyfar1@gmail.com,https://www.walkingfootballscotland.org/find-a-session/2023/8/10/walk-and-talk-scotland,Yes,Unknown,,All age groups with a strong focus on the 50 plus age category,Not on Recovery Map,"To improve, maintain and promote the physical, mental and social wellbeing of older adults through walking football. Post match get-together at Drumgieth pavilion for tea/coffee and cakes and a chat.",Activity Based,13:00,14:00,13:00-14:00,"Fairfield Astro Turf (outdoor), Fairfield Community Sports Hub SCIO, Drumgeith Road, Dundee, DD4 0JX, Scotland",56.483096,-2.921193
Dundee City,Dundee FC Community Trust,Walking Football,Scheduled Activity,Activity Based,Group,Older Adults,Tuesday,17:00:00,18:00:00,"Gardyne Sports Centre, Gardyne Road, Dundee",DD5 1NY,James Morrison,,james@dfccommunitytrust.org.uk,https://www.walkingfootballscotland.org/find-a-session/dundeefcct,Yes,Paid,3,All age groups with a strong focus on the 50 plus age category,Not on Recovery Map,"To improve, maintain and promote the physical, mental and social wellbeing of older adults through walking football.",Activity Based,17:00,18:00,17:00-18:00,"Gardyne Sports Centre, Gardyne Road, Dundee, DD5 1NY, Scotland",56.472623,-2.912217
Dundee City,Dundee FC Community Trust,Walking Football,Scheduled Activity,Activity Based,Group,Older Adults,Friday,13:00:00,14:00:00,"Gardyne Sports Centre, Gardyne Road, Dundee",DD5 1NY,James Morrison,,james@dfccommunitytrust.org.uk,https://www.walkingfootballscotland.org/find-a-session/dundeefcct,Yes,Paid,3,All age groups with a strong focus on the 50 plus age category,Not on Recovery Map,"To improve, maintain and promote the physical, mental and social wellbeing of older adults through walking football.",Activity Based,13:00,14:00,13:00-14:00,"Gardyne Sports Centre, Gardyne Road, Dundee, DD5 1NY, Scotland",56.472623,-2.912217
Dundee City,Dundee East Football Community Hub,Walking Football,Scheduled Activity,Activity Based,Group,Older Adults,Wednesday,20:00:00,21:00:00,"Change Centre Dundee, South Rd, Dundee",DD2 4SR,Steve Ross,Not listed,steveross1958@yahoo.co.uk,https://www.walkingfootballscotland.org/find-a-session/dundeeeast,Yes,Paid,4,All age groups with a strong focus on the 50 plus age category,Not on Recovery Map,"To improve, maintain and promote the physical, mental and social wellbeing of older adults through walking football.",Activity Based,20:00,21:00,20:00-21:00,"Change Centre Dundee, South Rd, Dundee, DD2 4SR, Scotland",56.471076,-3.04798
Dundee City,Dundee East Football Community Hub,Walking Football,Scheduled Activity,Activity Based,Group,Older Adults,Sunday,09:15:00,10:30:00,"Douglas Sports Centre, Baldovie Terrace, Douglas, Dundee",DD4 8TF,Steve Ross,Not listed,steveross1958@yahoo.co.uk,https://www.walkingfootballscotland.org/find-a-session/dundeeeast,Yes,Paid,4,All age groups with a strong focus on the 50 plus age category,Not on Recovery Map,"To improve, maintain and promote the physical, mental and social wellbeing of older adults through walking football.",Activity Based,09:15,10:30,09:15-10:30,"Douglas Sports Centre, Baldovie Terrace, Douglas, Dundee, DD4 8TF, Scotland",56.477505,-2.892824
Dundee City,St James Walking Football Team,Walking Football,Scheduled Activity,Activity Based,Group,Older Adults,Tuesday,18:00:00,19:00:00,"134 Happyhillock Road, Dundee",DD4 8LR,Alex Fyfe,07810 697 092,Not listed,https://www.walkingfootballscotland.org/find-a-session/stjamesdundee,Yes,Paid,5,All age groups with a strong focus on the 50 plus age category,Not on Recovery Map,"To improve, maintain and promote the physical, mental and social wellbeing of older adults through walking football.",Activity Based,18:00,19:00,18:00-19:00,"134 Happyhillock Road, Dundee, DD4 8LR, Scotland",56.482483,-2.927297
Dundee City,Dundee United Community Trust,Walking Football,Scheduled Activity,Activity Based,Group,Older Adults,Sunday,09:30:00,11:00:00,"Harp Ground, Beechwood Park, Lundie Avenue, Dundee",DD2 3NY,Lisa Croll,01382 833166,lisa.croll@dundeeunitedct.co.uk,https://www.walkingfootballscotland.org/find-a-session/dundee-united-community-trust,Yes,Paid,3,All age groups with a strong focus on the 50 plus age category,Not on Recovery Map,"To improve, maintain and promote the physical, mental and social wellbeing of older adults through walking football.",Activity Based,09:30,11:00,09:30-11:00,"Harp Ground, Beechwood Park, Lundie Avenue, Dundee, DD2 3NY, Scotland",56.477184,-3.002069
Dundee City,Just Bee Productions,Counselling Service,By Appointment,Mental Health,One-To-One,Adults,Monday,10:00:00,17:00:00,"Meadowside St Paul's Church, 118 Nethergate, Dundee",DD1 4EH,Unknown,Not listed,Not listed,https://www.justbeeproductions.co.uk/,No,Free,,Unknown,Not on Recovery Map,Bringing people together – A friendly space where the community can connect and feel welcome.,Mental Health,10:00,17:00,10:00-17:00,"Meadowside St Paul's Church, 118 Nethergate, Dundee, DD1 4EH, Scotland",56.458319,-2.973039
Dundee City,Just Bee Productions,Dryve Nights,Scheduled Activity,Activity Based,Group,Adults,Unknown,Various,Various,"Meadowside St Paul's Church, 118 Nethergate, Dundee",DD1 4EH,Unknown,Not listed,Not listed,https://www.justbeeproductions.co.uk/dryve,Yes,Unknown,,Unknown,Offering creative release and opportunities to nurture and discover new talents. An outlet to perform and share talents in a safe environment.,DRYve is an initiative that aims to provide high quality entertainment at alcohol free events. Established in January 2017 these have been running successfully in locations across Dundee City on a  monthly basis.,Activity Based,,,Various,"Meadowside St Paul's Church, 118 Nethergate, Dundee, DD1 4EH, Scotland",56.458319,-2.973039
Dundee City,Just Bee Productions,Women'S Group,Scheduled Activity,Peer Support,Group,Women,Monday,10:00:00,Unknown,"Meadowside St Paul's Church, 118 Nethergate, Dundee",DD1 4EH,Unknown,07341 255354,Not listed,https://www.justbeeproductions.co.uk/template,Yes,Free,,Women,Not on Recovery Map,Bringing people together – A friendly space where the community can connect and feel welcome.,Peer Support,10:00,,10:00-Unknown,"Meadowside St Paul's Church, 118 Nethergate, Dundee, DD1 4EH, Scotland",56.458319,-2.973039
Dundee City,Just Bee Productions,Guitar Group,Scheduled Activity,Activity Based,Group,All Ages,Monday,13:00:00,Unknown,"Meadowside St Paul's Church, 118 Nethergate, Dundee",DD1 4EH,Unknown,Not listed,Not listed,https://www.justbeeproductions.co.uk/template,Yes,Free,,Open to all,Not on Recovery Map,Bringing people together – A friendly space where the community can connect and feel welcome.,Activity Based,13:00,,13:00-Unknown,"Meadowside St Paul's Church, 118 Nethergate, Dundee, DD1 4EH, Scotland",56.458319,-2.973039
Dundee City,Just Bee Productions,Men'S Group,Scheduled Activity,Peer Support,Group,Men,Tuesday,13:00:00,Unknown,"Meadowside St Paul's Church, 118 Nethergate, Dundee",DD1 4EH,Unknown,Not listed,Not listed,https://www.justbeeproductions.co.uk/template,Yes,Free,,Men,Not on Recovery Map,Bringing people together – A friendly space where the community can connect and feel welcome.,Peer Support,13:00,,13:00-Unknown,"Meadowside St Paul's Church, 118 Nethergate, Dundee, DD1 4EH, Scotland",56.458319,-2.973039
Dundee City,Just Bee Productions,Family Cinema Group,Scheduled Activity,Activity Based,Group,All Ages,Tuesday,15:45:00,17:00:00,"Meadowside St Paul's Church, 118 Nethergate, Dundee",DD1 4EH,Unknown,07743 816540,Not listed,https://www.justbeeproductions.co.uk/template,Yes,Free,,Open to all,"Free to attend, new film shown every week. Cosy blankets, hot drinks and snacks provided!",Bringing people together – A friendly space where the community can connect and feel welcome.,Activity Based,15:45,17:00,15:45-17:00,"Meadowside St Paul's Church, 118 Nethergate, Dundee, DD1 4EH, Scotland",56.458319,-2.973039
Dundee City,Just Bee Productions,Women'S Group,Scheduled Activity,Peer Support,Group,Women,Wednesday,10:00:00,12:00:00,"Meadowside St Paul's Church, 118 Nethergate, Dundee",DD1 4EH,Unknown,Not listed,Not listed,https://www.justbeeproductions.co.uk/template,Yes,Free,,Women,Not on Recovery Map,Bringing people together – A friendly space where the community can connect and feel welcome.,Peer Support,10:00,12:00,10:00-12:00,"Meadowside St Paul's Church, 118 Nethergate, Dundee, DD1 4EH, Scotland",56.458319,-2.973039
Dundee City,Just Bee Productions,Community Lunch,Scheduled Activity,Health And Wellbeing,Drop-In,All Ages,Wednesday,11:00:00,13:00:00,"Meadowside St Paul's Church, 118 Nethergate, Dundee",DD1 4EH,Unknown,07341 255354,Not listed,https://www.justbeeproductions.co.uk/template,Yes,Free,,Open to all,"Creativity, eating together and growing in recovery.",Bringing people together – A friendly space where the community can connect and feel welcome.,Health and Wellbeing,11:00,13:00,11:00-13:00,"Meadowside St Paul's Church, 118 Nethergate, Dundee, DD1 4EH, Scotland",56.458319,-2.973039
Dundee City,Just Bee Productions,Sewing Group,Scheduled Activity,Activity Based,Group,All Ages,Wednesday,13:00:00,Unknown,"Meadowside St Paul's Church, 118 Nethergate, Dundee",DD1 4EH,Unknown,Unknown,Not listed,https://www.justbeeproductions.co.uk/template,Yes,Free,,Open to all,Not on Recovery Map,Bringing people together – A friendly space where the community can connect and feel welcome.,Activity Based,13:00,,13:00-Unknown,"Meadowside St Paul's Church, 118 Nethergate, Dundee, DD1 4EH, Scotland",56.458319,-2.973039
Dundee City,Just Bee Productions,Life After Loss Group,Scheduled Activity,Peer Support,Group,All Ages,Wednesday,15:30:00,17:00:00,"Meadowside St Paul's Church, 118 Nethergate, Dundee",DD1 4EH,Unknown,Unknown,Not listed,https://www.justbeeproductions.co.uk/template,Yes,Free,,Open to all,Not on Recovery Map,Bringing people together – A friendly space where the community can connect and feel welcome.,Peer Support,15:30,17:00,15:30-17:00,"Meadowside St Paul's Church, 118 Nethergate, Dundee, DD1 4EH, Scotland",56.458319,-2.973039
Dundee City,Just Bee Productions,Additional Support Needs Group (Stay & Play),Scheduled Activity,Activity Based,Group,Children,Wednesday,15:30:00,17:00:00,"Meadowside St Paul's Church, 118 Nethergate, Dundee",DD1 4EH,Unknown,Unknown,Not listed,https://www.justbeeproductions.co.uk/template,Yes,Free,,Open to all,Not on Recovery Map,Bringing people together – A friendly space where the community can connect and feel welcome.,Activity Based,15:30,17:00,15:30-17:00,"Meadowside St Paul's Church, 118 Nethergate, Dundee, DD1 4EH, Scotland",56.458319,-2.973039
Dundee City,Just Bee Productions,Mother & Baby Group,Scheduled Activity,Peer Support,Group,Women,Thursday,10:30:00,Unknown,"Kigsgait Kirk, 2 King Street, Dundee",DD1 2JB,Unknown,Unknown,Not listed,https://www.justbeeproductions.co.uk/template,Yes,Free,,Mothers & babies,Not on Recovery Map,Bringing people together – A friendly space where the community can connect and feel welcome.,Peer Support,10:30,,10:30-Unknown,"Kigsgait Kirk, 2 King Street, Dundee, DD1 2JB, Scotland",56.465468,-2.965246
Dundee City,Just Bee Productions,Walking Group,Scheduled Activity,Activity Based,Group,All Ages,Thursday,10:30:00,Unknown,"Meadowside St Paul's Church, 118 Nethergate, Dundee",DD1 4EH,Unknown,Unknown,Not listed,https://www.justbeeproductions.co.uk/template,Yes,Free,,Open to all,Not on Recovery Map,Bringing people together – A friendly space where the community can connect and feel welcome.,Activity Based,10:30,,10:30-Unknown,"Meadowside St Paul's Church, 118 Nethergate, Dundee, DD1 4EH, Scotland",56.458319,-2.973039
Dundee City,Just Bee Productions,Jewellery Group,Scheduled Activity,Activity Based,Group,All Ages,Thursday,13:00:00,15:00:00,"Meadowside St Paul's Church, 118 Nethergate, Dundee",DD1 4EH,Unknown,Unknown,Not listed,https://www.justbeeproductions.co.uk/template,Yes,Free,,Open to all,Not on Recovery Map,Bringing people together – A friendly space where the community can connect and feel welcome.,Activity Based,13:00,15:00,13:00-15:00,"Meadowside St Paul's Church, 118 Nethergate, Dundee, DD1 4EH, Scotland",56.458319,-2.973039
Dundee City,Just Bee Productions,Singing Group,Scheduled Activity,Activity Based,Group,All Ages,Thursday,15:30:00,17:00:00,"Meadowside St Paul's Church, 118 Nethergate, Dundee",DD1 4EH,Unknown,07443 816540,Not listed,https://www.justbeeproductions.co.uk/template,Yes,Free,,Open to all,"A place to let it go and sing your heart out, with a little help from your friends. This is you!",Bringing people together – A friendly space where the community can connect and feel welcome.,Activity Based,15:30,17:00,15:30-17:00,"Meadowside St Paul's Church, 118 Nethergate, Dundee, DD1 4EH, Scotland",56.458319,-2.973039
Dundee City,Just Bee Productions,Women'S Group,Scheduled Activity,Peer Support,Group,Women,Friday,10:00:00,12:00:00,"Meadowside St Paul's Church, 118 Nethergate, Dundee",DD1 4EH,Unknown,Not listed,Not listed,https://www.justbeeproductions.co.uk/template,Yes,Free,,Women,Not on Recovery Map,Bringing people together – A friendly space where the community can connect and feel welcome.,Peer Support,10:00,12:00,10:00-12:00,"Meadowside St Paul's Church, 118 Nethergate, Dundee, DD1 4EH, Scotland",56.458319,-2.973039
Dundee City,Just Bee Productions,Community Lunch,Scheduled Activity,Health And Wellbeing,Drop-In,All Ages,Friday,11:00:00,13:00:00,"Meadowside St Paul's Church, 118 Nethergate, Dundee",DD1 4EH,Unknown,07341 255354,Not listed,https://www.justbeeproductions.co.uk/template,Yes,Free,,Open to all,"Creativity, eating together and growing in recovery.",Bringing people together – A friendly space where the community can connect and feel welcome.,Health and Wellbeing,11:00,13:00,11:00-13:00,"Meadowside St Paul's Church, 118 Nethergate, Dundee, DD1 4EH, Scotland",56.458319,-2.973039
Dundee City,Just Bee Productions,Art Group,Scheduled Activity,Activity Based,Group,All Ages,Friday,13:15:00,15:00:00,"Meadowside St Paul's Church, 118 Nethergate, Dundee",DD1 4EH,Unknown,Unknown,Not listed,https://www.justbeeproductions.co.uk/template,Yes,Free,,Open to all,Not on Recovery Map,Bringing people together – A friendly space where the community can connect and feel welcome.,Activity Based,13:15,15:00,13:15-15:00,"Meadowside St Paul's Church, 118 Nethergate, Dundee, DD1 4EH, Scotland",56.458319,-2.973039
Dundee City,Just Bee Productions,Community Lunch,Scheduled Activity,Health And Wellbeing,Drop-In,All Ages,Saturday,11:00:00,13:00:00,"Meadowside St Paul's Church, 118 Nethergate, Dundee",DD1 4EH,Unknown,07341 255354,Not listed,https://www.justbeeproductions.co.uk/template,Yes,Free,,Open to all,"Creativity, eating together and growing in recovery.",Bringing people together – A friendly space where the community can connect and feel welcome.,Health and Wellbeing,11:00,13:00,11:00-13:00,"Meadowside St Paul's Church, 118 Nethergate, Dundee, DD1 4EH, Scotland",56.458319,-2.973039
Dundee City,Art Angel,Creative Writing Group,Scheduled Activity,Mental Health,Group,Adults,Thursday,10:30:00,12:30:00,"Enterprise House, 1st Floor, 45 North Lindsay Street, Dundee",DD1 1PW,Unknown,01382 228 383,contact@artangeldundee.org.uk,https://artangeldundee.org.uk/,Yes,Unknown,,Age 16+ with mental health issues,"A wide range of innovative arts activites for people with mental health issues, 16 and over, as a means of recovery and wellbeing","Need to contact Art Angel ahead of time, as they don't allow drop-ins.  They'll let you know if there are spaces available, or add you to waiting list/signpost to other services.",Mental Health,10:30,12:30,10:30-12:30,"Enterprise House, 1st Floor, 45 North Lindsay Street, Dundee, DD1 1PW, Scotland",56.460881,-2.975658
Dundee City,Art Angel,Creative Writing Group,Scheduled Activity,Mental Health,Group,Adults,Friday,13:00:00,15:00:00,"Enterprise House, 1st Floor, 45 North Lindsay Street, Dundee",DD1 1PW,Unknown,01382 228 383,contact@artangeldundee.org.uk,https://artangeldundee.org.uk/,Yes,Unknown,,Age 16+ with mental health issues,"A wide range of innovative arts activites for people with mental health issues, 16 and over, as a means of recovery and wellbeing","Need to contact Art Angel ahead of time, as they don't allow drop-ins.  They'll let you know if there are spaces available, or add you to waiting list/signpost to other services.",Mental Health,13:00,15:00,13:00-15:00,"Enterprise House, 1st Floor, 45 North Lindsay Street, Dundee, DD1 1PW, Scotland",56.460881,-2.975658
Dundee City,Art Angel,Expressive Arts Group,Scheduled Activity,Mental Health,Group,Adults,Unknown,Unknown,Unknown,"Enterprise House, 1st Floor, 45 North Lindsay Street, Dundee",DD1 1PW,Unknown,01382 228 383,contact@artangeldundee.org.uk,https://artangeldundee.org.uk/,Yes,Unknown,,Age 16+ with mental health issues,"A wide range of innovative arts activites for people with mental health issues, 16 and over, as a means of recovery and wellbeing","Need to contact Art Angel ahead of time, as they don't allow drop-ins.  They'll let you know if there are spaces available, or add you to waiting list/signpost to other services.",Mental Health,,,Unknown,"Enterprise House, 1st Floor, 45 North Lindsay Street, Dundee, DD1 1PW, Scotland",56.460881,-2.975658
Dundee City,Art Angel,Photography Group,Scheduled Activity,Mental Health,Group,Adults,Tuesday,13:00:00,15:00:00,"Enterprise House, 1st Floor, 45 North Lindsay Street, Dundee",DD1 1PW,Unknown,01382 228 383,contact@artangeldundee.org.uk,https://artangeldundee.org.uk/,Yes,Unknown,,Age 16+ with mental health issues,"A wide range of innovative arts activites for people with mental health issues, 16 and over, as a means of recovery and wellbeing","Need to contact Art Angel ahead of time, as they don't allow drop-ins.  They'll let you know if there are spaces available, or add you to waiting list/signpost to other services.",Mental Health,13:00,15:00,13:00-15:00,"Enterprise House, 1st Floor, 45 North Lindsay Street, Dundee, DD1 1PW, Scotland",56.460881,-2.975658
Dundee City,Art Angel,Photography Group,Scheduled Activity,Mental Health,Group,Adults,Wednesday,13:00:00,15:00:00,"Enterprise House, 1st Floor, 45 North Lindsay Street, Dundee",DD1 1PW,Unknown,01382 228 383,contact@artangeldundee.org.uk,https://artangeldundee.org.uk/,Yes,Unknown,,Age 16+ with mental health issues,"A wide range of innovative arts activites for people with mental health issues, 16 and over, as a means of recovery and wellbeing","Need to contact Art Angel ahead of time, as they don't allow drop-ins.  They'll let you know if there are spaces available, or add you to waiting list/signpost to other services.",Mental Health,13:00,15:00,13:00-15:00,"Enterprise House, 1st Floor, 45 North Lindsay Street, Dundee, DD1 1PW, Scotland",56.460881,-2.975658
Dundee City,Art Angel,Playwriting Workshop,Scheduled Activity,Mental Health,Group,Adults,Monday,Afternoon,Afternoon,"Enterprise House, 1st Floor, 45 North Lindsay Street, Dundee",DD1 1PW,Unknown,01382 228 383,contact@artangeldundee.org.uk,https://artangeldundee.org.uk/,Yes,Unknown,,Age 16+ with mental health issues,"A wide range of innovative arts activites for people with mental health issues, 16 and over, as a means of recovery and wellbeing","Need to contact Art Angel ahead of time, as they don't allow drop-ins.  They'll let you know if there are spaces available, or add you to waiting list/signpost to other services.",Mental Health,,,Afternoon,"Enterprise House, 1st Floor, 45 North Lindsay Street, Dundee, DD1 1PW, Scotland",56.460881,-2.975658
Dundee City,Art Angel,Young People Group,Scheduled Activity,Mental Health,Group,Young People,Wednesday,Unknown,Unknown,"Enterprise House, 1st Floor, 45 North Lindsay Street, Dundee",DD1 1PW,Unknown,01382 228 383,contact@artangeldundee.org.uk,https://artangeldundee.org.uk/,Yes,Unknown,,Age 16+ with mental health issues,"A wide range of innovative arts activites for people with mental health issues, 16 and over, as a means of recovery and wellbeing","Need to contact Art Angel ahead of time, as they don't allow drop-ins.  They'll let you know if there are spaces available, or add you to waiting list/signpost to other services.",Mental Health,,,Unknown,"Enterprise House, 1st Floor, 45 North Lindsay Street, Dundee, DD1 1PW, Scotland",56.460881,-2.975658
Dundee City,Art Angel,Young People Group,Scheduled Activity,Mental Health,Group,Young People,Friday,Unknown,Unknown,"Enterprise House, 1st Floor, 45 North Lindsay Street, Dundee",DD1 1PW,Unknown,01382 228 383,contact@artangeldundee.org.uk,https://artangeldundee.org.uk/,Yes,Unknown,,Age 16+ with mental health issues,"A wide range of innovative arts activites for people with mental health issues, 16 and over, as a means of recovery and wellbeing","Need to contact Art Angel ahead of time, as they don't allow drop-ins.  They'll let you know if there are spaces available, or add you to waiting list/signpost to other services.",Mental Health,,,Unknown,"Enterprise House, 1st Floor, 45 North Lindsay Street, Dundee, DD1 1PW, Scotland",56.460881,-2.975658
Dundee City,Hearing Voices Network Dundee,Haven Community Drop-In,Open Access,Mental Health,Drop-In,Adults,Monday,10:00:00,16:00:00,"216-222 Hilltown, Dundee",DD3 7AU,Unknown,01382 223023,hearingvoices@havendundee.co.uk,https://hearingvoicesnetwork.co.uk/,Yes,Free,,Adults who hear voices or experience other visual or sensory hallucinations.,We aim to provide adults that hear voices and suffer with their mental wellbeing with a safe HaVeN to visit. We offer a wide range of activities and support to aid all in their recovery process.,We are a drop-in centre based in the Hilltown and offer a variety of activity and support groups.,Mental Health,10:00,16:00,10:00-16:00,"216-222 Hilltown, Dundee, DD3 7AU, Scotland",56.469442,-2.975066
Dundee City,Hearing Voices Network Dundee,Haven Community Drop-In,Open Access,Mental Health,Drop-In,Adults,Tuesday,10:00:00,16:00:00,"216-222 Hilltown, Dundee",DD3 7AU,Unknown,01382 223023,hearingvoices@havendundee.co.uk,https://hearingvoicesnetwork.co.uk/,Yes,Free,,Adults who hear voices or experience other visual or sensory hallucinations.,We aim to provide adults that hear voices and suffer with their mental wellbeing with a safe HaVeN to visit. We offer a wide range of activities and support to aid all in their recovery process.,We are a drop-in centre based in the Hilltown and offer a variety of activity and support groups.,Mental Health,10:00,16:00,10:00-16:00,"216-222 Hilltown, Dundee, DD3 7AU, Scotland",56.469442,-2.975066
Dundee City,Hearing Voices Network Dundee,Haven Community Drop-In,Open Access,Mental Health,Drop-In,Adults,Wednesday,10:00:00,16:00:00,"216-222 Hilltown, Dundee",DD3 7AU,Unknown,01382 223023,hearingvoices@havendundee.co.uk,https://hearingvoicesnetwork.co.uk/,Yes,Free,,Adults who hear voices or experience other visual or sensory hallucinations.,We aim to provide adults that hear voices and suffer with their mental wellbeing with a safe HaVeN to visit. We offer a wide range of activities and support to aid all in their recovery process.,We are a drop-in centre based in the Hilltown and offer a variety of activity and support groups.,Mental Health,10:00,16:00,10:00-16:00,"216-222 Hilltown, Dundee, DD3 7AU, Scotland",56.469442,-2.975066
Dundee City,Hearing Voices Network Dundee,Haven Community Drop-In,Open Access,Mental Health,Drop-In,Adults,Thursday,10:00:00,16:00:00,"216-222 Hilltown, Dundee",DD3 7AU,Unknown,01382 223023,hearingvoices@havendundee.co.uk,https://hearingvoicesnetwork.co.uk/,Yes,Free,,Adults who hear voices or experience other visual or sensory hallucinations.,We aim to provide adults that hear voices and suffer with their mental wellbeing with a safe HaVeN to visit. We offer a wide range of activities and support to aid all in their recovery process.,We are a drop-in centre based in the Hilltown and offer a variety of activity and support groups.,Mental Health,10:00,16:00,10:00-16:00,"216-222 Hilltown, Dundee, DD3 7AU, Scotland",56.469442,-2.975066
Dundee City,Hearing Voices Network Dundee,Haven Community Drop-In,Open Access,Mental Health,Drop-In,Adults,Friday,10:00:00,16:00:00,"216-222 Hilltown, Dundee",DD3 7AU,Unknown,01382 223023,hearingvoices@havendundee.co.uk,https://hearingvoicesnetwork.co.uk/,Yes,Free,,Adults who hear voices or experience other visual or sensory hallucinations.,We aim to provide adults that hear voices and suffer with their mental wellbeing with a safe HaVeN to visit. We offer a wide range of activities and support to aid all in their recovery process.,We are a drop-in centre based in the Hilltown and offer a variety of activity and support groups.,Mental Health,10:00,16:00,10:00-16:00,"216-222 Hilltown, Dundee, DD3 7AU, Scotland",56.469442,-2.975066
Dundee City,Hearing Voices Network Dundee,Haven Community Drop-In,Open Access,Mental Health,Drop-In,Adults,Saturday,09:00:00,14:00:00,"216-222 Hilltown, Dundee",DD3 7AU,Unknown,01382 223023,hearingvoices@havendundee.co.uk,https://hearingvoicesnetwork.co.uk/,Yes,Free,,Adults who hear voices or experience other visual or sensory hallucinations.,We aim to provide adults that hear voices and suffer with their mental wellbeing with a safe HaVeN to visit. We offer a wide range of activities and support to aid all in their recovery process.,We are a drop-in centre based in the Hilltown and offer a variety of activity and support groups.,Mental Health,09:00,14:00,09:00-14:00,"216-222 Hilltown, Dundee, DD3 7AU, Scotland",56.469442,-2.975066
Dundee City,Wellbeing Works,,Open Access,Mental Health,Mixed,Adults,Monday,09:00:00,16:30:00,"Unit 20A, Level 3, Wellgate Shopping Centre, Dundee",DD1 2DB,Unknown,01382 227288,hello@wellbeingworksdundee.org.uk,https://www.wellbeingworksdundee.org.uk/,Yes,Unknown,,Individuals with severe/enduring mental health difficulties,"We provide group, one-to-one support and activities to support individuals with severe/enduring mental health difficulties to improve their resilience and confidence.",,Mental Health,09:00,16:30,09:00-16:30,"Unit 20A, Level 3, Wellgate Shopping Centre, Dundee, DD1 2DB, Scotland",56.46434,-2.969269
Dundee City,Wellbeing Works,,Open Access,Mental Health,Mixed,Adults,Tuesday,09:00:00,16:30:00,"Unit 20A, Level 3, Wellgate Shopping Centre, Dundee",DD1 2DB,Unknown,01382 227288,hello@wellbeingworksdundee.org.uk,https://www.wellbeingworksdundee.org.uk/,Yes,Unknown,,Individuals with severe/enduring mental health difficulties,"We provide group, one-to-one support and activities to support individuals with severe/enduring mental health difficulties to improve their resilience and confidence.",,Mental Health,09:00,16:30,09:00-16:30,"Unit 20A, Level 3, Wellgate Shopping Centre, Dundee, DD1 2DB, Scotland",56.46434,-2.969269
Dundee City,Wellbeing Works,,Open Access,Mental Health,Mixed,Adults,Wednesday,09:00:00,16:30:00,"Unit 20A, Level 3, Wellgate Shopping Centre, Dundee",DD1 2DB,Unknown,01382 227288,hello@wellbeingworksdundee.org.uk,https://www.wellbeingworksdundee.org.uk/,Yes,Unknown,,Individuals with severe/enduring mental health difficulties,"We provide group, one-to-one support and activities to support individuals with severe/enduring mental health difficulties to improve their resilience and confidence.",,Mental Health,09:00,16:30,09:00-16:30,"Unit 20A, Level 3, Wellgate Shopping Centre, Dundee, DD1 2DB, Scotland",56.46434,-2.969269
Dundee City,Wellbeing Works,,Open Access,Mental Health,Mixed,Adults,Thursday,09:00:00,16:30:00,"Unit 20A, Level 3, Wellgate Shopping Centre, Dundee",DD1 2DB,Unknown,01382 227288,hello@wellbeingworksdundee.org.uk,https://www.wellbeingworksdundee.org.uk/,Yes,Unknown,,Individuals with severe/enduring mental health difficulties,"We provide group, one-to-one support and activities to support individuals with severe/enduring mental health difficulties to improve their resilience and confidence.",,Mental Health,09:00,16:30,09:00-16:30,"Unit 20A, Level 3, Wellgate Shopping Centre, Dundee, DD1 2DB, Scotland",56.46434,-2.969269
Dundee City,Wellbeing Works,,Open Access,Mental Health,Mixed,Adults,Friday,09:00:00,16:30:00,"Unit 20A, Level 3, Wellgate Shopping Centre, Dundee",DD1 2DB,Unknown,01382 227288,hello@wellbeingworksdundee.org.uk,https://www.wellbeingworksdundee.org.uk/,Yes,Unknown,,Individuals with severe/enduring mental health difficulties,"We provide group, one-to-one support and activities to support individuals with severe/enduring mental health difficulties to improve their resilience and confidence.",,Mental Health,09:00,16:30,09:00-16:30,"Unit 20A, Level 3, Wellgate Shopping Centre, Dundee, DD1 2DB, Scotland",56.46434,-2.969269
Dundee City,Penumbra Hope Point,,Open Access,Mental Health,One-To-One,All Ages,Monday,00:00:00,23:59:00,"The Centre @SWR, 4 South Ward Road, Dundee",DD1 1PN,Unknown,0800 9550008 or Text 01382 604123,Not listed,https://penumbra.org.uk/services/hope-point-dundee-wellbeing-support/,Yes,Free,,Open to all,"Hope Point is a community wellbeing centre to support people experiencing emotional distress in Dundee. The facility will be open day and night to help people who are struggling to see a way ahead in life and who need immediate access to support. People can phone, text or be supported face to face.",,Mental Health,00:00,23:59,00:00-23:59,"The Centre @SWR, 4 South Ward Road, Dundee, DD1 1PN, Scotland",56.461088,-2.974508
Dundee City,Penumbra Hope Point,,Open Access,Mental Health,One-To-One,All Ages,Tuesday,00:00:00,23:59:00,"The Centre @SWR, 4 South Ward Road, Dundee",DD1 1PN,Unknown,0800 9550008 or Text 01382 604123,Not listed,https://penumbra.org.uk/services/hope-point-dundee-wellbeing-support/,Yes,Free,,Open to all,"Hope Point is a community wellbeing centre to support people experiencing emotional distress in Dundee. The facility will be open day and night to help people who are struggling to see a way ahead in life and who need immediate access to support. People can phone, text or be supported face to face.",,Mental Health,00:00,23:59,00:00-23:59,"The Centre @SWR, 4 South Ward Road, Dundee, DD1 1PN, Scotland",56.461088,-2.974508
Dundee City,Penumbra Hope Point,,Open Access,Mental Health,One-To-One,All Ages,Wednesday,00:00:00,23:59:00,"The Centre @SWR, 4 South Ward Road, Dundee",DD1 1PN,Unknown,0800 9550008 or Text 01382 604123,Not listed,https://penumbra.org.uk/services/hope-point-dundee-wellbeing-support/,Yes,Free,,Open to all,"Hope Point is a community wellbeing centre to support people experiencing emotional distress in Dundee. The facility will be open day and night to help people who are struggling to see a way ahead in life and who need immediate access to support. People can phone, text or be supported face to face.",,Mental Health,00:00,23:59,00:00-23:59,"The Centre @SWR, 4 South Ward Road, Dundee, DD1 1PN, Scotland",56.461088,-2.974508
Dundee City,Penumbra Hope Point,,Open Access,Mental Health,One-To-One,All Ages,Thursday,00:00:00,23:59:00,"The Centre @SWR, 4 South Ward Road, Dundee",DD1 1PN,Unknown,0800 9550008 or Text 01382 604123,Not listed,https://penumbra.org.uk/services/hope-point-dundee-wellbeing-support/,Yes,Free,,Open to all,"Hope Point is a community wellbeing centre to support people experiencing emotional distress in Dundee. The facility will be open day and night to help people who are struggling to see a way ahead in life and who need immediate access to support. People can phone, text or be supported face to face.",,Mental Health,00:00,23:59,00:00-23:59,"The Centre @SWR, 4 South Ward Road, Dundee, DD1 1PN, Scotland",56.461088,-2.974508
Dundee City,Penumbra Hope Point,,Open Access,Mental Health,One-To-One,All Ages,Friday,00:00:00,23:59:00,"The Centre @SWR, 4 South Ward Road, Dundee",DD1 1PN,Unknown,0800 9550008 or Text 01382 604123,Not listed,https://penumbra.org.uk/services/hope-point-dundee-wellbeing-support/,Yes,Free,,Open to all,"Hope Point is a community wellbeing centre to support people experiencing emotional distress in Dundee. The facility will be open day and night to help people who are struggling to see a way ahead in life and who need immediate access to support. People can phone, text or be supported face to face.",,Mental Health,00:00,23:59,00:00-23:59,"The Centre @SWR, 4 South Ward Road, Dundee, DD1 1PN, Scotland",56.461088,-2.974508
Dundee City,Penumbra Hope Point,,Open Access,Mental Health,One-To-One,All Ages,Saturday,00:00:00,23:59:00,"The Centre @SWR, 4 South Ward Road, Dundee",DD1 1PN,Unknown,0800 9550008 or Text 01382 604123,Not listed,https://penumbra.org.uk/services/hope-point-dundee-wellbeing-support/,Yes,Free,,Open to all,"Hope Point is a community wellbeing centre to support people experiencing emotional distress in Dundee. The facility will be open day and night to help people who are struggling to see a way ahead in life and who need immediate access to support. People can phone, text or be supported face to face.",,Mental Health,00:00,23:59,00:00-23:59,"The Centre @SWR, 4 South Ward Road, Dundee, DD1 1PN, Scotland",56.461088,-2.974508
Dundee City,Penumbra Hope Point,,Open Access,Mental Health,One-To-One,All Ages,Sunday,00:00:00,23:59:00,"The Centre @SWR, 4 South Ward Road, Dundee",DD1 1PN,Unknown,0800 9550008 or Text 01382 604123,Not listed,https://penumbra.org.uk/services/hope-point-dundee-wellbeing-support/,Yes,Free,,Open to all,"Hope Point is a community wellbeing centre to support people experiencing emotional distress in Dundee. The facility will be open day and night to help people who are struggling to see a way ahead in life and who need immediate access to support. People can phone, text or be supported face to face.",,Mental Health,00:00,23:59,00:00-23:59,"The Centre @SWR, 4 South Ward Road, Dundee, DD1 1PN, Scotland",56.461088,-2.974508
Dundee City,Penumbra Nova Service,,By Appointment,Mental Health,Mixed,Adults,Unknown,Unknown,Unknown,"9 Tay Square, Dundee",DD1 1PB,Unknown,01382 223487,dundee.nova@penumbra.org.uk,https://penumbra.org.uk/services/dundee-nova/,Yes,Free,,Age 16+,Recovery focussed one-to-one and group support to assist you in managing your mental health and wellbeing and accessing community resources.,Our support is offered on a one-to-one basis for a fixed period of time. There are also opportunities to participate in group workshops and other activities.,Mental Health,,,Unknown,"9 Tay Square, Dundee, DD1 1PB, Scotland",56.457927,-2.97613
Dundee City,Penumbra Carers' Support Service,,By Appointment,Family/Carer Support,Mixed,Adults,Unknown,Unknown,Unknown,"9 Tay Square, Dundee",DD1 1PB,Unknown,01382 223487,dundee.carers@penumbra.org.uk,https://penumbra.org.uk/services/carers-support-service/,Yes,Free,,Age 16+ caring for someone age 16+ with mental health issues,Emotional and practical support for those who care for/support a friend or family member (ages 16-65) facing mental health challenges.,Support is offered over a fixed period of time. This can happen on a one-to-one basis and through group workshops.,Family/Carer Support,,,Unknown,"9 Tay Square, Dundee, DD1 1PB, Scotland",56.457927,-2.97613
Dundee City,Dundee Therapy Garden,,By Appointment,Mental Health,Mixed,Adults,Unknown,Unknown,Unknown,"The Old Bowling Green, 16 Dudhope Terrace, Dundee",DD3 6HG,Unknown,01382 202660,enquiries@dundeetherapygarden.org,https://www.dundeetherapygarden.org/,Yes,Free,,Served or are serving with HM Armed Forces or Uniformed Services & their families,We provide horticulture therapy for ex-military and ex-uniformed service personnel suffering with mental health problems.,"Free, confidential, one-on-one counselling sessions  and  also offer an optional eight-week, small group programme on improving emotional well-being.",Mental Health,,,Unknown,"The Old Bowling Green, 16 Dudhope Terrace, Dundee, DD3 6HG, Scotland",56.466268,-2.983878
Dundee City,SAMH (Scottish Action for Mental Health),Growing Crysalis,Open Access,Mental Health,Drop-In,All Ages,Monday,09:00:00,15:30:00,"Duntrune Community Garden, Dawson Park, Caenlochan Road, Dundee",DD5 1JX,Unknown,07800 820594,chrysalis@samh.org.uk,https://www.samh.org.uk/about-us/news-and-blogs/dundee-mental-health-service-supports-close-to-6000-people,Yes,Free,,Open to all,Not on Recovery Map,"Growing Chrysalis, which brings people together and empowers the community to support their mental health and wellbeing through gardening and other outdoor activities",Mental Health,09:00,15:30,09:00-15:30,"Duntrune Community Garden, Dawson Park, Caenlochan Road, Dundee, DD5 1JX, Scotland",56.473963,-2.893406
Dundee City,SAMH (Scottish Action for Mental Health),Growing Crysalis,Open Access,Mental Health,Drop-In,All Ages,Tuesday,09:00:00,15:30:00,"Duntrune Community Garden, Dawson Park, Caenlochan Road, Dundee",DD5 1JX,Unknown,07800 820594,chrysalis@samh.org.uk,https://www.samh.org.uk/about-us/news-and-blogs/dundee-mental-health-service-supports-close-to-6000-people,Yes,Free,,Open to all,Not on Recovery Map,"Growing Chrysalis, which brings people together and empowers the community to support their mental health and wellbeing through gardening and other outdoor activities",Mental Health,09:00,15:30,09:00-15:30,"Duntrune Community Garden, Dawson Park, Caenlochan Road, Dundee, DD5 1JX, Scotland",56.473963,-2.893406
Dundee City,SAMH (Scottish Action for Mental Health),Growing Crysalis,Open Access,Mental Health,Drop-In,All Ages,Wednesday,09:00:00,15:30:00,"Duntrune Community Garden, Dawson Park, Caenlochan Road, Dundee",DD5 1JX,Unknown,07800 820594,chrysalis@samh.org.uk,https://www.samh.org.uk/about-us/news-and-blogs/dundee-mental-health-service-supports-close-to-6000-people,Yes,Free,,Open to all,Not on Recovery Map,"Growing Chrysalis, which brings people together and empowers the community to support their mental health and wellbeing through gardening and other outdoor activities",Mental Health,09:00,15:30,09:00-15:30,"Duntrune Community Garden, Dawson Park, Caenlochan Road, Dundee, DD5 1JX, Scotland",56.473963,-2.893406
Dundee City,SAMH (Scottish Action for Mental Health),Growing Crysalis,Open Access,Mental Health,Drop-In,All Ages,Thursday,09:00:00,15:30:00,"Duntrune Community Garden, Dawson Park, Caenlochan Road, Dundee",DD5 1JX,Unknown,07800 820594,chrysalis@samh.org.uk,https://www.samh.org.uk/about-us/news-and-blogs/dundee-mental-health-service-supports-close-to-6000-people,Yes,Free,,Open to all,Not on Recovery Map,"Growing Chrysalis, which brings people together and empowers the community to support their mental health and wellbeing through gardening and other outdoor activities",Mental Health,09:00,15:30,09:00-15:30,"Duntrune Community Garden, Dawson Park, Caenlochan Road, Dundee, DD5 1JX, Scotland",56.473963,-2.893406
Dundee City,Bipolar Scotland,Dundee (In Person) Support Group,By Appointment,Peer Support,Group,Adults,Thursday,19:00:00,21:00:00,"Dundee Volunteer and Voluntary Action, 10 Constitution Rd, Dundee",DD1 1LL,Unknown,0141 5602050,Not listed,https://bipolarscotland.org.uk/support-groups/dundee/,Yes,Free,,People with bipolar in Dundee,"If you live with bipolar, please come along to share information, advice and some friendly company with other people who live with the condition - friends, family and carers equally welcome.",Monthly - 1st Thursday of the month.,Peer Support,19:00,21:00,19:00-21:00,"Dundee Volunteer and Voluntary Action, 10 Constitution Rd, Dundee, DD1 1LL, Scotland",56.462299,-2.97493
Dundee City,Insight Counselling,,By Appointment,Mental Health,One-To-One,All Ages,Monday,09:00:00,20:00,"10 Constitution Road, Dundee",DD1 1LL,Unknown,01382 305706,Not listed,https://www.insightcanhelp.co.uk/,Yes,Free,,Age 12+ in Dundee & Angus,We offer safe and confidential counselling where people are listened towithout judgement.,,Mental Health,09:00,20:00,09:00-20:00,"10 Constitution Road, Dundee, DD1 1LL, Scotland",56.462403,-2.97474
Dundee City,Insight Counselling,,By Appointment,Mental Health,One-To-One,All Ages,Tuesday,09:00:00,20:00:00,"10 Constitution Road, Dundee",DD1 1LL,Unknown,01382 305706,Not listed,https://www.insightcanhelp.co.uk/,Yes,Free,,Age 12+ in Dundee & Angus,We offer safe and confidential counselling where people are listened towithout judgement.,,Mental Health,09:00,20:00,09:00-20:00,"10 Constitution Road, Dundee, DD1 1LL, Scotland",56.462403,-2.97474
Dundee City,Insight Counselling,,By Appointment,Mental Health,One-To-One,All Ages,Wednesday,09:00:00,20:00:00,"10 Constitution Road, Dundee",DD1 1LL,Unknown,01382 305706,Not listed,https://www.insightcanhelp.co.uk/,Yes,Free,,Age 12+ in Dundee & Angus,We offer safe and confidential counselling where people are listened towithout judgement.,,Mental Health,09:00,20:00,09:00-20:00,"10 Constitution Road, Dundee, DD1 1LL, Scotland",56.462403,-2.97474
Dundee City,Insight Counselling,,By Appointment,Mental Health,One-To-One,All Ages,Thursday,09:00:00,20:00:00,"10 Constitution Road, Dundee",DD1 1LL,Unknown,01382 305706,Not listed,https://www.insightcanhelp.co.uk/,Yes,Free,,Age 12+ in Dundee & Angus,We offer safe and confidential counselling where people are listened towithout judgement.,,Mental Health,09:00,20:00,09:00-20:00,"10 Constitution Road, Dundee, DD1 1LL, Scotland",56.462403,-2.97474
Dundee City,Insight Counselling,,By Appointment,Mental Health,One-To-One,All Ages,Friday,09:00:00,15:00:00,"10 Constitution Road, Dundee",DD1 1LL,Unknown,01382 305706,Not listed,https://www.insightcanhelp.co.uk/,Yes,Free,,Age 12+ in Dundee & Angus,We offer safe and confidential counselling where people are listened towithout judgement.,,Mental Health,09:00,15:00,09:00-15:00,"10 Constitution Road, Dundee, DD1 1LL, Scotland",56.462403,-2.97474
Dundee City,DDARS (Dundee Drug & Alcohol Recovery Service),Treatment For Alcohol & Opiod Dependence,By Appointment,Addiction Support,One-To-One,All Ages,Monday,09:00:00,17:00:00,"Consitution House, 55 Constitution Road,Dundee",DD1 1LB,Unknown,01382 632542,,https://www.nhstayside.scot.nhs.uk/OurServicesA-Z/TaysideSubstanceUseServices/PROD_347157/index.htm,Yes,Free,,Anyone who requires to access support for their opiate or alcohol use,"Drug and alcohol treatment, harm reduction and counselling.","Our focus is treatment for opiate and alcohol dependence.  For help with other forms of problem substance use, contact our partner agencies",Addiction Support,09:00,17:00,09:00-17:00,"Consitution House, 55 Constitution Road,Dundee, DD1 1LB, Scotland",56.463942,-2.97591
Dundee City,DDARS (Dundee Drug & Alcohol Recovery Service),Treatment For Alcohol & Opiod Dependence,By Appointment,Addiction Support,One-To-One,All Ages,Tuesday,09:00:00,17:00:00,"Consitution House, 55 Constitution Road,Dundee",DD1 1LB,Unknown,01382 632542,Not listed,https://www.nhstayside.scot.nhs.uk/OurServicesA-Z/TaysideSubstanceUseServices/PROD_347157/index.htm,Yes,Free,,Anyone who requires to access support for their opiate or alcohol use,"Drug and alcohol treatment, harm reduction and counselling.","Our focus is treatment for opiate and alcohol dependence.  For help with other forms of problem substance use, contact our partner agencies",Addiction Support,09:00,17:00,09:00-17:00,"Consitution House, 55 Constitution Road,Dundee, DD1 1LB, Scotland",56.463942,-2.97591
Dundee City,DDARS (Dundee Drug & Alcohol Recovery Service),Treatment For Alcohol & Opiod Dependence,By Appointment,Addiction Support,One-To-One,All Ages,Wednesday,09:00:00,17:00:00,"Consitution House, 55 Constitution Road,Dundee",DD1 1LB,Unknown,01382 632542,Not listed,https://www.nhstayside.scot.nhs.uk/OurServicesA-Z/TaysideSubstanceUseServices/PROD_347157/index.htm,Yes,Free,,Anyone who requires to access support for their opiate or alcohol use,"Drug and alcohol treatment, harm reduction and counselling.","Our focus is treatment for opiate and alcohol dependence.  For help with other forms of problem substance use, contact our partner agencies",Addiction Support,09:00,17:00,09:00-17:00,"Consitution House, 55 Constitution Road,Dundee, DD1 1LB, Scotland",56.463942,-2.97591
Dundee City,DDARS (Dundee Drug & Alcohol Recovery Service),Treatment For Alcohol & Opiod Dependence,By Appointment,Addiction Support,One-To-One,All Ages,Thursday,09:00:00,17:00:00,"Consitution House, 55 Constitution Road,Dundee",DD1 1LB,Unknown,01382 632542,Not listed,https://www.nhstayside.scot.nhs.uk/OurServicesA-Z/TaysideSubstanceUseServices/PROD_347157/index.htm,Yes,Free,,Anyone who requires to access support for their opiate or alcohol use,"Drug and alcohol treatment, harm reduction and counselling.","Our focus is treatment for opiate and alcohol dependence.  For help with other forms of problem substance use, contact our partner agencies",Addiction Support,09:00,17:00,09:00-17:00,"Consitution House, 55 Constitution Road,Dundee, DD1 1LB, Scotland",56.463942,-2.97591
Dundee City,DDARS (Dundee Drug & Alcohol Recovery Service),Treatment For Alcohol & Opiod Dependence,By Appointment,Addiction Support,One-To-One,All Ages,Friday,09:00:00,17:00:00,"Consitution House, 55 Constitution Road,Dundee",DD1 1LB,Unknown,01382 632542,Not listed,https://www.nhstayside.scot.nhs.uk/OurServicesA-Z/TaysideSubstanceUseServices/PROD_347157/index.htm,Yes,Free,,Anyone who requires to access support for their opiate or alcohol use,"Drug and alcohol treatment, harm reduction and counselling.","Our focus is treatment for opiate and alcohol dependence.  For help with other forms of problem substance use, contact our partner agencies",Addiction Support,09:00,17:00,09:00-17:00,"Consitution House, 55 Constitution Road,Dundee, DD1 1LB, Scotland",56.463942,-2.97591
Dundee City,DDARS (Dundee Drug & Alcohol Recovery Service),Treatment For Alcohol & Opiod Dependence,Open Access,Addiction Support,One-To-One,All Ages,Monday,09:30:00,12:00:00,"Consitution House, 55 Constitution Road,Dundee",DD1 1LB,Unknown,01382 632542,Not listed,https://www.nhstayside.scot.nhs.uk/OurServicesA-Z/TaysideSubstanceUseServices/PROD_347157/index.htm,Yes,Free,,Anyone who requires to access support for their opiate or alcohol use,"Drug and alcohol treatment, harm reduction and counselling.","Last assessment at 11:00. Our focus is treatment for opiate and alcohol dependence.  For help with other forms of problem substance use, contact our partner agencies",Addiction Support,09:30,12:00,09:30-12:00,"Consitution House, 55 Constitution Road,Dundee, DD1 1LB, Scotland",56.463942,-2.97591
Dundee City,DDARS (Dundee Drug & Alcohol Recovery Service),Treatment For Alcohol & Opiod Dependence,Open Access,Addiction Support,One-To-One,All Ages,Monday,13:00:00,15:00:00,"Consitution House, 55 Constitution Road,Dundee",DD1 1LB,Unknown,01382 632542,Not listed,https://www.nhstayside.scot.nhs.uk/OurServicesA-Z/TaysideSubstanceUseServices/PROD_347157/index.htm,Yes,Free,,Anyone who requires to access support for their opiate or alcohol use,"Drug and alcohol treatment, harm reduction and counselling.","Last assessment at 14:30. Our focus is treatment for opiate and alcohol dependence.  For help with other forms of problem substance use, contact our partner agencies",Addiction Support,13:00,15:00,13:00-15:00,"Consitution House, 55 Constitution Road,Dundee, DD1 1LB, Scotland",56.463942,-2.97591
Dundee City,DDARS (Dundee Drug & Alcohol Recovery Service),Treatment For Alcohol & Opiod Dependence,Open Access,Addiction Support,One-To-One,All Ages,Tuesday,09:30:00,12:00:00,"Consitution House, 55 Constitution Road,Dundee",DD1 1LB,Unknown,01382 632542,Not listed,https://www.nhstayside.scot.nhs.uk/OurServicesA-Z/TaysideSubstanceUseServices/PROD_347157/index.htm,Yes,Free,,Anyone who requires to access support for their opiate or alcohol use,"Drug and alcohol treatment, harm reduction and counselling.","Last assessment at 11:00. Our focus is treatment for opiate and alcohol dependence.  For help with other forms of problem substance use, contact our partner agencies",Addiction Support,09:30,12:00,09:30-12:00,"Consitution House, 55 Constitution Road,Dundee, DD1 1LB, Scotland",56.463942,-2.97591
Dundee City,DDARS (Dundee Drug & Alcohol Recovery Service),Treatment For Alcohol & Opiod Dependence,Open Access,Addiction Support,One-To-One,All Ages,Tuesday,13:00:00,15:00:00,"Consitution House, 55 Constitution Road,Dundee",DD1 1LB,Unknown,01382 632542,Not listed,https://www.nhstayside.scot.nhs.uk/OurServicesA-Z/TaysideSubstanceUseServices/PROD_347157/index.htm,Yes,Free,,Anyone who requires to access support for their opiate or alcohol use,"Drug and alcohol treatment, harm reduction and counselling.","Last assessment at 14:30. Our focus is treatment for opiate and alcohol dependence.  For help with other forms of problem substance use, contact our partner agencies",Addiction Support,13:00,15:00,13:00-15:00,"Consitution House, 55 Constitution Road,Dundee, DD1 1LB, Scotland",56.463942,-2.97591
Dundee City,DDARS (Dundee Drug & Alcohol Recovery Service),Treatment For Alcohol & Opiod Dependence,By Appointment,Addiction Support,One-To-One,All Ages,Wednesday,09:00:00,12:00:00,"Consitution House, 55 Constitution Road,Dundee",DD1 1LB,Unknown,01382 632542,Not listed,https://www.nhstayside.scot.nhs.uk/OurServicesA-Z/TaysideSubstanceUseServices/PROD_347157/index.htm,Yes,Free,,Anyone who requires to access support for their opiate or alcohol use,"Drug and alcohol treatment, harm reduction and counselling.","Planned assessments. Our focus is treatment for opiate and alcohol dependence.  For help with other forms of problem substance use, contact our partner agencies",Addiction Support,09:00,12:00,09:00-12:00,"Consitution House, 55 Constitution Road,Dundee, DD1 1LB, Scotland",56.463942,-2.97591
Dundee City,DDARS (Dundee Drug & Alcohol Recovery Service),Treatment For Alcohol & Opiod Dependence,By Appointment,Addiction Support,One-To-One,All Ages,Wednesday,13:00:00,15:00:00,"Consitution House, 55 Constitution Road,Dundee",DD1 1LB,Unknown,01382 632542,Not listed,https://www.nhstayside.scot.nhs.uk/OurServicesA-Z/TaysideSubstanceUseServices/PROD_347157/index.htm,Yes,Free,,Anyone who requires to access support for their opiate or alcohol use,"Drug and alcohol treatment, harm reduction and counselling.","Planned assessments. Our focus is treatment for opiate and alcohol dependence.  For help with other forms of problem substance use, contact our partner agencies",Addiction Support,13:00,15:00,13:00-15:00,"Consitution House, 55 Constitution Road,Dundee, DD1 1LB, Scotland",56.463942,-2.97591
Dundee City,DDARS (Dundee Drug & Alcohol Recovery Service),Treatment For Alcohol & Opiod Dependence,Open Access,Addiction Support,One-To-One,All Ages,Thursday,09:30:00,12:00:00,"Wallacetown Health Centre, Lyon Street, Dundee",DD4 6RB,Unknown,01382 632542,Not listed,https://www.nhstayside.scot.nhs.uk/OurServicesA-Z/TaysideSubstanceUseServices/PROD_347157/index.htm,Yes,Free,,Anyone who requires to access support for their opiate or alcohol use,"Drug and alcohol treatment, harm reduction and counselling.","Last assessment at 11:00. Our focus is treatment for opiate and alcohol dependence.  For help with other forms of problem substance use, contact our partner agencies",Addiction Support,09:30,12:00,09:30-12:00,"Wallacetown Health Centre, Lyon Street, Dundee, DD4 6RB, Scotland",56.468227,-2.959603
Dundee City,DDARS (Dundee Drug & Alcohol Recovery Service),Treatment For Alcohol & Opiod Dependence,Open Access,Addiction Support,One-To-One,All Ages,Thursday,13:00:00,15:00:00,"Wallacetown Health Centre, Lyon Street, Dundee",DD4 6RB,Unknown,01382 632542,Not listed,https://www.nhstayside.scot.nhs.uk/OurServicesA-Z/TaysideSubstanceUseServices/PROD_347157/index.htm,Yes,Free,,Anyone who requires to access support for their opiate or alcohol use,"Drug and alcohol treatment, harm reduction and counselling.","Last assessment at 14:30. Our focus is treatment for opiate and alcohol dependence.  For help with other forms of problem substance use, contact our partner agencies",Addiction Support,13:00,15:00,13:00-15:00,"Wallacetown Health Centre, Lyon Street, Dundee, DD4 6RB, Scotland",56.468227,-2.959603
Dundee City,DDARS (Dundee Drug & Alcohol Recovery Service),Treatment For Alcohol & Opiod Dependence,Open Access,Addiction Support,One-To-One,Women,Thursday,13:00:00,16:00:00,"Women's Hub, 2 Dudhope Street, Dundee",DD1 1JU,Unknown,01382 632542,Not listed,https://www.nhstayside.scot.nhs.uk/OurServicesA-Z/TaysideSubstanceUseServices/PROD_347157/index.htm,Yes,Free,,Women who require to access support for their opiate or alcohol use,"Drug and alcohol treatment, harm reduction and counselling.","Last assessment at 15:00. Our focus is treatment for opiate and alcohol dependence.  For help with other forms of problem substance use, contact our partner agencies",Addiction Support,13:00,16:00,13:00-16:00,"Women's Hub, 2 Dudhope Street, Dundee, DD1 1JU, Scotland",56.464971,-2.975326
Dundee City,DDARS (Dundee Drug & Alcohol Recovery Service),Signposting And Support,Open Access,Addiction Support,One-To-One,All Ages,Friday,11:00:00,13:00:00,"118 Nethergate Meadowside St Paul's Church (side entrance), Dundee",DD1 4EH,Unknown,01382 632542,Not listed,https://dundeeadp.co.uk/how-can-we-help-you,Yes,Free,,Anyone who requires to access support for their opiate or alcohol use,"Drug and alcohol treatment, harm reduction and counselling.",Signposting and support,Addiction Support,11:00,13:00,11:00-13:00,"118 Nethergate Meadowside St Paul's Church (side entrance), Dundee, DD1 4EH, Scotland",56.458385,-2.972881
Dundee City,TCA,Adult Counselling,By Appointment,Addiction Support,One-To-One,Adults,Unknown,Unknown,Unknown,"The Wishart Centre, 50 Constable Road, Dundee",DD4 6AD,Teodor Omelasz,01382 456012,teodor.omelasz@tca_dundee.com,https://alcoholtayside.com/services/#dundee,Yes,Free,,"Individuals considering behaviour change with regards to alcohol, cocaine, NPS, gambling and those affected by another's use.","Adult Alcohol?Substance/gambling Counselling service which is delivered by qualified, supervised counsellors and includes other forms of therapeutic interventions offered by TCA.",,Addiction Support,,,Unknown,"The Wishart Centre, 50 Constable Road, Dundee, DD4 6AD, Scotland",56.465578,-2.962432
Dundee City,TCA,Young People'S Counselling,By Appointment,Family/Carer Support,One-To-One,Young People,Unknown,Unknown,Unknown,"The Wishart Centre, 50 Constable Road, Dundee",DD4 6AD,Ashton Dempster,01382 456012,ashton.dempster@tca-angus.com,https://alcoholtayside.com/services/#dundee,Unknown,Free,,Age 10-18 in primary or secondary school in Tayside,Not on Recovery Map,"Support for a range of issues connected to mental health and wellbeing, including the impact of substance use, loss & grief, risk taking,self-harming behaviour, relationships, bullying and self-worth.  Delivered in office, at school or over phone/video.",Family/Carer Support,,,Unknown,"The Wishart Centre, 50 Constable Road, Dundee, DD4 6AD, Scotland",56.465578,-2.962432
Dundee City,TCA,Creative Therapies,By Appointment,Family/Carer Support,One-To-One,Young People,Unknown,Unknown,Unknown,"The Wishart Centre, 50 Constable Road, Dundee",DD4 6AD,Natalie Bywater,01382 456012,natalie.bywater@tca-dundee.com,https://alcoholtayside.com/services/#dundee,Yes,Free,,Age 3-26,Not on Recovery Map,"Talking and engaging in creative expression such as: art-making, dance & movement, music or improvisation and play.",Family/Carer Support,,,Unknown,"The Wishart Centre, 50 Constable Road, Dundee, DD4 6AD, Scotland",56.465578,-2.962432
Dundee City,TCA,Creative Therapies,By Appointment,Family/Carer Support,One-To-One,Children,Unknown,Unknown,Unknown,"The Wishart Centre, 50 Constable Road, Dundee",DD4 6AD,Natalie Bywater,01382 456012,natalie.bywater@tca-dundee.com,https://alcoholtayside.com/services/#dundee,Yes,Free,,Age 3-26,Not on Recovery Map,"Talking and engaging in creative expression such as: art-making, dance & movement, music or improvisation and play.",Family/Carer Support,,,Unknown,"The Wishart Centre, 50 Constable Road, Dundee, DD4 6AD, Scotland",56.465578,-2.962432
Dundee City,TCA,Smart Recovery Group,Scheduled Activity,Peer Support,Group,Adults,Monday,13:00:00,14:30:00,"The Wishart Centre, 50 Constable Road, Dundee",DD4 6AD,Teodor Omelasz,01382 456012,teodor.omelasz@tca_dundee.com,https://alcoholtayside.com/services/#dundee,Yes,Free,,Adults,Mutual aid support - self-management and recovery training. Come along and support each other.,"***Check facilitator, as it's listed on SMART Recovery website as being facilitated by Michael McGuire, but same day and time",Peer Support,13:00,14:30,13:00-14:30,"The Wishart Centre, 50 Constable Road, Dundee, DD4 6AD, Scotland",56.465578,-2.962432
Dundee City,TCA,Women Only Zone (Woz),Scheduled Activity,Addiction Support,Group,Women,Wednesday,13:00:00,15:00:00,"The Wishart Centre, 50 Constable Road, Dundee",DD4 6AD,Unknown,01382 456012,enquiries@alcoholtayside.com,https://alcoholtayside.com/services/#dundee,Yes,Free,,Adult women,We bring together women who are looking for support in their recovery process. The group consists of peer support for the first hour and a group activity in the second hour,"Group members who have been through their own personal recovery journey are able to offer support and share their personal experiences to help others, and the group is also co-facilitated by a trained TCA worker.",Addiction Support,13:00,15:00,13:00-15:00,"The Wishart Centre, 50 Constable Road, Dundee, DD4 6AD, Scotland",56.465578,-2.962432
Dundee City,TCA,Boost,Scheduled Activity,Addiction Support,Group,Young People,Wednesday,17:00:00,19:00:00,"The Wishart Centre, 50 Constable Road, Dundee",DD4 6AD,Georgia Urquhart,01382 456012,georgia.urquhart@tca-dundee.com,https://alcoholtayside.com/services/#dundee,Unknown,Free,,Males age 11-17,Not on Recovery Map,"We provide weekly group input during term time for young people who are affected by substance use, and who may also be experiencing wider issues in the community, at school and in the home.",Addiction Support,17:00,19:00,17:00-19:00,"The Wishart Centre, 50 Constable Road, Dundee, DD4 6AD, Scotland",56.465578,-2.962432
Dundee City,TCA,The Klub,Scheduled Activity,Addiction Support,Group,Young People,Thursday,17:00:00,19:00:00,"The Wishart Centre, 50 Constable Road, Dundee",DD4 6AD,Georgia Urquhart,01382 456012,georgia.urquhart@tca-dundee.com,https://alcoholtayside.com/services/#dundee,Unknown,Free,,Females age 11-17,Not on Recovery Map,"We provide weekly group input during term time for young people who are affected by substance use, and who may also be experiencing wider issues in the community, at school and in the home.",Addiction Support,17:00,19:00,17:00-19:00,"The Wishart Centre, 50 Constable Road, Dundee, DD4 6AD, Scotland",56.465578,-2.962432
Dundee City,TCA,Young People'S Mentoring,By Appointment,Family/Carer Support,One-To-One,Young People,Various,Various,Various,"The Wishart Centre, 50 Constable Road, Dundee",DD4 6AD,Georgia Urquhart,01382 456012,georgia.urquhart@tca-dundee.com,https://alcoholtayside.com/services/#dundee,Unknown,Free,,Age 8-19,Not on Recovery Map,An early intervention programme that uses a voluntary mentoring approach to engage with young people aged 8 to 19 years who are affected in some way by drugs/alcohol or anti-social/offending behaviour.,Family/Carer Support,,,Various,"The Wishart Centre, 50 Constable Road, Dundee, DD4 6AD, Scotland",56.465578,-2.962432
Dundee City,TCA,Intandem Family Mentoring,By Appointment,Family/Carer Support,Mixed,All Ages,Various,Various,Various,"The Wishart Centre, 50 Constable Road, Dundee",DD4 6AD,Unknown,01382 456012,Not listed,https://alcoholtayside.com/services/#dundee,Unknown,Free,,Age 7-15 living in kinship arrangements,Not on Recovery Map,"Aims to build positive, trusted relationships with children and young people, aged 7-15 years old, living in kinship arrangements (and wider family).",Family/Carer Support,,,Various,"The Wishart Centre, 50 Constable Road, Dundee, DD4 6AD, Scotland",56.465578,-2.962432
Dundee City,TCA,Kith 'N' Kin Project Children & Carers Group,Scheduled Activity,Family/Carer Support,Group,All Ages,Tuesday,16:30:00,18:00:00,"Douglas Community Centre, Balmoral Avenue, Dundee",DD4 8SD,Laurie Cook,01382 456012,Laurie.cook@tce-dundee.com,https://alcoholtayside.com/services/#dundee,Unknown,Free,,Age 0-18 living in Kinship Care arrangements due to Parental Substance Use (and carers).,"Support service for kinship families affected by substance use. It is open to children/young people and carers who are looking for individual or group support to address their need for advice, emotional/practical support","Weekly Kith‘n’Kin groups take place in Arbroath, Dundee and Perth, giving families the opportunity to meet others in their community who live in similar circumstances, which can help to reduce isolation and build wider peer support networks.",Family/Carer Support,16:30,18:00,16:30-18:00,"Douglas Community Centre, Balmoral Avenue, Dundee, DD4 8SD, Scotland",56.478979,-2.902232
Dundee City,TCA,Kith 'N' Kin Project Carers Group,Scheduled Activity,Family/Carer Support,Group,Adults,Wednesday,09:30:00,11:30:00,"Angus Housing Association, Torwood Place, Ormington Crescent, Dundee",DD4 0UD,Laurie Cook,01382 456012,Laurie.cook@tce-dundee.com,https://alcoholtayside.com/services/#dundee,Unknown,Free,,Carers of children and young people in Kinship Care arrangements due to Parental Substance Use.,"Support service for kinship families affected by substance use. It is open to children/young people and carers who are looking for individual or group support to address their need for advice, emotional/practical support","Weekly Kith‘n’Kin groups take place in Arbroath, Dundee and Perth, giving families the opportunity to meet others in their community who live in similar circumstances, which can help to reduce isolation and build wider peer support networks.",Family/Carer Support,09:30,11:30,09:30-11:30,"Angus Housing Association, Torwood Place, Ormington Crescent, Dundee, DD4 0UD, Scotland",56.492596,-2.930175
Dundee City,TCA,Mentoring For Men,By Appointment,Addiction Support,One-To-One,Men,Various,Various,Various,Outreach in the community in Dundee,OUTREACH,Mark Harris,01382 456012,mark.harris@tca-dundee.com,https://alcoholtayside.com/services/#dundee,Unknown,Free,,Men in Dundee at risk of failing to comply with community based justice sentences and are at risk of short custodial sentences,Not on Recovery Map,"Mentors provide one to one support to clients and work with them to address the causes of their offending, for example substance use or inadequate support networks.",Addiction Support,,,Various,"Outreach in the community in Dundee, OUTREACH, Scotland",55.917198,-4.367794
Dundee City,TCA,Women Only Mentoring (Wom) Project,By Appointment,Addiction Support,One-To-One,Women,Various,Various,Various,Outreach in the community in Dundee,OUTREACH,Mark Harris,01382 456012,mark.harris@tca-dundee.com,https://alcoholtayside.com/services/#dundee,Unknown,Free,,Women aged 16+ living in the Dundee area who are involved in the Community Justice System,Not on Recovery Map,"The mentoring helps the women to move on from the past, find their self-worth and feel valued in their community.",Addiction Support,,,Various,"Outreach in the community in Dundee, OUTREACH, Scotland",55.917198,-4.367794
Dundee City,TCA,Beyond Mentoring Project,By Appointment,Addiction Support,Mixed,Women,Various,Various,Various,"The Wishart Centre, 50 Constable Road, Dundee",DD4 6AD,Sarah Healey,01382 456012,sarah.healey@tca-dundee.com,https://alcoholtayside.com/services/#dundee,Unknown,Free,,Women in Dundee aged 18+ who have been involved with the Community Justice System and/or substance services,"We offer support to women who have had past involvement with community justice or substance services, and are ready to move on from these services but still require voluntary support.","A range of support is offered including one to one support, group support, peer-led recovery groups, drop-ins and activity groups.",Addiction Support,,,Various,"The Wishart Centre, 50 Constable Road, Dundee, DD4 6AD, Scotland",56.465578,-2.962432
Dundee City,TCA,Safe Zone Bus,Open Access,Health And Wellbeing,One-To-One,All Ages,Friday,18:00:00,20:30:00,"Court Street, Stobswell, Dundee (at the lower half of the street, at the bottom of the hill)",DD3 7QS,Carol Bailey,01382 456012,carol.bailey@tca-dundee.com,https://alcoholtayside.com/services/#dundee,Yes,Free,,Open to all,"Workers from a variety of services are on board to assist with substance use, advice on housing, debt, benefits, health and sexual health. No referral required.","Safe Zone works in partnership with other agencies to support communities in Dundee, helping alleviate immediate crisis and where needed signpost and refer people to access the services and support",Health and Wellbeing,18:00,20:30,18:00-20:30,"Court Street, Stobswell, Dundee (at the lower half of the street, at the bottom of the hill), DD3 7QS, Scotland",56.474667,-2.963078
Dundee City,TCA,Safe Zone Bus,Open Access,Health And Wellbeing,One-To-One,All Ages,Saturday,18:00:00,20:30:00,"Farmfoods car park, 3 Flights Lane, Dundee",DD2 3PX,Carol Bailey,01382 456012,carol.bailey@tca-dundee.com,https://alcoholtayside.com/services/#dundee,Yes,Free,,Open to all,"Workers from a variety of services are on board to assist with substance use, advice on housing, debt, benefits, health and sexual health. No referral required.","Safe Zone works in partnership with other agencies to support communities in Dundee, helping alleviate immediate crisis and where needed signpost and refer people to access the services and support",Health and Wellbeing,18:00,20:30,18:00-20:30,"Farmfoods car park, 3 Flights Lane, Dundee, DD2 3PX, Scotland",56.47146,-3.01038
Dundee City,TCA,Birch,By Appointment,Addiction Support,One-To-One,Adults,Unknown,Unknown,Unknown,"The Wishart Centre, 50 Constable Road, Dundee",DD4 6AD,Alison Leuchards,01382 456012,alison.leuchars@tca-dundee.com,https://alcoholtayside.com/services/#dundee,Unknown,Free,,Parents who have had a child/children removed from their care,Not on Recovery Map,"Provides individualised support at the pace of the parent while providing opportunities for new experiences, peer support and access to wider support networks.",Addiction Support,,,Unknown,"The Wishart Centre, 50 Constable Road, Dundee, DD4 6AD, Scotland",56.465578,-2.962432
Dundee City,We Are With You,,By Appointment,Addiction Support,Mixed,Adults,Various,Unknown,Unknown,"The Roundhouse, Lothian Crescent. Dundee",DD4 0HU,Unknown,01382 206888,dda@wearewithyou.org.uk,https://www.wearewithyou.org.uk/local-hubs/dundee,Yes,Free,,Age 16+ in Dundee facing challenges with drugs and alcohol.,A free and confidential service for individuals and families affected by drugs and alcohol. Unlocking an individual's full potential through recovery is our ultimate ambition.,"Please contact us first to find out about our groups or make an appointment as we do not offer drop-in appointments here. 1-1, support groups and meetings,support for family and friends, residential rehabilitation, free injecting equipment, naxolone training.",Addiction Support,,,Unknown,"The Roundhouse, Lothian Crescent. Dundee, DD4 0HU, Scotland",56.489503,-2.924921
Dundee City,We Are With You,Drop-In Service,Open Access,Harm Reduction,One-To-One,Adults,Unknown,Unknown,Unknown,"Boots, 94 Albert Street, Dundee",DD4 6QH,Unknown,01382 206888,dda@wearewithyou.org.uk,https://www.wearewithyou.org.uk/local-hubs/dundee,Yes,Free,,Age 16+ in Dundee facing challenges with drugs and alcohol,A free and confidential service for individuals and families affected by drugs and alcohol. Unlocking an individual's full potential through recovery is our ultimate ambition.,"Nurses available from 09:00 - 15:30. This service operates in partnership with NHS Tayside and offers on-site access to specialist harm reduction staff, sexual health nurses and Hepatitis C specialist nurses on a drop-in basis",Harm Reduction,,,Unknown,"Boots, 94 Albert Street, Dundee, DD4 6QH, Scotland",56.470132,-2.95791
Dundee City,We Are With You,Family Support,Scheduled Activity,Family/Carer Support,Group,Adults,Tuesday,10:00:00,12:00:00,"The Roundhouse, Lothian Crescent, Whitfield, Dundee",DD4 0HU,Unknown,01382 206888,dda@wearewithyou.org.uk,https://www.wearewithyou.org.uk/local-hubs/dundee,Yes,Free,,Age 16+ in Dundee who are worried about a family member’s drug use,Open meeting for any family member affected by someone else's substance use. A safe and honest space for support.,Get in touch to find out more and book your place.,Family/Carer Support,10:00,12:00,10:00-12:00,"The Roundhouse, Lothian Crescent, Whitfield, Dundee, DD4 0HU, Scotland",56.489503,-2.924921
Dundee City,We Are With You,Intensive Pre And Post Residential Rehabilitation Support,By Appointment,Rehab Information,One-To-One,Adults,Unknown,Unknown,Unknown,"The Roundhouse, Lothian Crescent, Whitfield, Dundee",DD4 0HU,Unknown,01382 206888,dda@wearewithyou.org.uk,https://www.wearewithyou.org.uk/local-hubs/dundee/services/support-with-residential-rehabilitation,Unknown,Free,,,On Recovery Map as 'Pathways 2 Recovery' (same phone number & address),"Provides emotional and practical support before you go into a residential rehabilitation service, during your stay, and after you've completed your placement.",Rehab Information,,,Unknown,"The Roundhouse, Lothian Crescent, Whitfield, Dundee, DD4 0HU, Scotland",56.489503,-2.924921
Dundee City,Hillcrest Futures,Harm Reduction Service And Bbv (Blood-Borne Viruses) Clinic,Open Access,Harm Reduction,One-To-One,All Ages,Monday,09:00:00,17:00:00,"Hillcrest Futures, 4 South Ward Road, Dundee",DD1 1PN,Unknown,01382 200532,Not listed,https://hillcrest.org.uk/hillcrest-futures/our-services/substance-use/,Yes,Free,,Open to all individuals who use drugs,Not on Recovery Map,"Nurses available from 09:00 - 15:30. This service operates in partnership with NHS Tayside and offers on-site access to specialist harm reduction staff, sexual health nurses and Hepatitis C specialist nurses on a drop-in basis",Harm Reduction,09:00,17:00,09:00-17:00,"Hillcrest Futures, 4 South Ward Road, Dundee, DD1 1PN, Scotland",56.461088,-2.974508
Dundee City,Hillcrest Futures,Harm Reduction Service And Bbv (Blood-Borne Viruses) Clinic,Open Access,Harm Reduction,One-To-One,All Ages,Tuesday,09:00:00,17:00:00,"Hillcrest Futures, 4 South Ward Road, Dundee",DD1 1PN,Unknown,01382 200532,Not listed,https://hillcrest.org.uk/hillcrest-futures/our-services/substance-use/,Yes,Free,,Open to all individuals who use drugs,Not on Recovery Map,"Nurses available from 09:00 - 15:30. This service operates in partnership with NHS Tayside and offers on-site access to specialist harm reduction staff, sexual health nurses and Hepatitis C specialist nurses on a drop-in basis",Harm Reduction,09:00,17:00,09:00-17:00,"Hillcrest Futures, 4 South Ward Road, Dundee, DD1 1PN, Scotland",56.461088,-2.974508
Dundee City,Hillcrest Futures,Harm Reduction Service And Bbv (Blood-Borne Viruses) Clinic,Open Access,Harm Reduction,One-To-One,All Ages,Wednesday,09:00:00,17:00:00,"Hillcrest Futures, 4 South Ward Road, Dundee",DD1 1PN,Unknown,01382 200532,Not listed,https://hillcrest.org.uk/hillcrest-futures/our-services/substance-use/,Yes,Free,,Open to all individuals who use drugs,Not on Recovery Map,"Nurses available from 09:00 - 15:30. This service operates in partnership with NHS Tayside and offers on-site access to specialist harm reduction staff, sexual health nurses and Hepatitis C specialist nurses on a drop-in basis",Harm Reduction,09:00,17:00,09:00-17:00,"Hillcrest Futures, 4 South Ward Road, Dundee, DD1 1PN, Scotland",56.461088,-2.974508
Dundee City,Hillcrest Futures,Harm Reduction Service And Bbv (Blood-Borne Viruses) Clinic,Open Access,Harm Reduction,One-To-One,All Ages,Thursday,09:00:00,19:30:00,"Hillcrest Futures, 4 South Ward Road, Dundee",DD1 1PN,Unknown,01382 200532,Not listed,https://hillcrest.org.uk/hillcrest-futures/our-services/substance-use/,Yes,Free,,Open to all individuals who use drugs,Not on Recovery Map,"Nurses available from 09:00 - 15:30. This service operates in partnership with NHS Tayside and offers on-site access to specialist harm reduction staff, sexual health nurses and Hepatitis C specialist nurses on a drop-in basis",Harm Reduction,09:00,19:30,09:00-19:30,"Hillcrest Futures, 4 South Ward Road, Dundee, DD1 1PN, Scotland",56.461088,-2.974508
Dundee City,Hillcrest Futures,Harm Reduction Service And Bbv (Blood-Borne Viruses) Clinic,Open Access,Harm Reduction,One-To-One,All Ages,Friday,09:00:00,17:00:00,"Hillcrest Futures, 4 South Ward Road, Dundee",DD1 1PN,Unknown,01382 200532,Not listed,https://hillcrest.org.uk/hillcrest-futures/our-services/substance-use/,Yes,Free,,Open to all individuals who use drugs,Not on Recovery Map,"Nurses available from 09:00 - 15:30. This service operates in partnership with NHS Tayside and offers on-site access to specialist harm reduction staff, sexual health nurses and Hepatitis C specialist nurses on a drop-in basis",Harm Reduction,09:00,17:00,09:00-17:00,"Hillcrest Futures, 4 South Ward Road, Dundee, DD1 1PN, Scotland",56.461088,-2.974508
Dundee City,Hillcrest Futures,Young People'S Service,By Appointment,Health And Wellbeing,Mixed,Young People,Unknown,Unknown,Unknown,"South East Pavillion, Baxter Park, Dundee",DD4 7HD,Unknown,01382 458128,youngpeopledundee@hillcrestfutures.org.uk,https://hillcrest.org.uk/hillcrest-futures/our-services/young-people/,Yes,Free,,Age 12 - 25,"Support and education focussing on drugs, alcohol, relationships, parenthood and sexual education to young people in Dundee.  We provide one-to-one support and deliver education to groups within schools and the community.",,Health and Wellbeing,,,Unknown,"South East Pavillion, Baxter Park, Dundee, DD4 7HD, Scotland",56.474188,-2.950377
Angus,Hillcrest Futures,Young People'S Service,By Appointment,Health And Wellbeing,Mixed,Young People,Unknown,Unknown,Unknown,Unknown,UNKNOWN,Unknown,01307 460101,youngpeopleangus@hillcrestfutures.org.uk,https://hillcrest.org.uk/hillcrest-futures/our-services/young-people/,Yes,Free,,Age 12 - 25,Not on Recovery Map,"Support and education focussing on drugs, alcohol, relationships, parenthood and sexual education to young people in Angus.  We provide one-to-one support and deliver education to groups within schools and the community.",Health and Wellbeing,,,Unknown,"Unknown, UNKNOWN, Scotland",55.957517,-3.207089
Perth & Kinross,Hillcrest Futures,Young People'S Service,By Appointment,Health And Wellbeing,Mixed,Young People,Unknown,Unknown,Unknown,Unknown,UNKNOWN,Unknown,01738 474926,youngpeoplepkc@hillcrestfutures.org.uk,https://hillcrest.org.uk/hillcrest-futures/our-services/young-people/,Yes,Free,,Age 12 - 25,Not on Recovery Map,"Support and education focussing on drugs, alcohol, relationships, parenthood and sexual education to young people in Perth & Kinross.  We provide one-to-one support and deliver education to groups within schools and the community.",Health and Wellbeing,,,Unknown,"Unknown, UNKNOWN, Scotland",55.957517,-3.207089
Dundee City,Crossreach,Tayside Support Services,By Appointment,Addiction Support,One-To-One,Adults,Various,Unknown,Unknown,"The Friary, Tullideph Road, Dundee",DD2 2PN,Lucile Conway,01382 644431 or  07384836091,Not listed,https://www.crossreach.org.uk/our-locations/tayside-support-services,Yes,Free,,Age 16+ in the Dundee area who is willing and committed to moving beyond drug use,Not on Recovery Map,"Money, housing and employment advice.  If you are currently drug free or stable on a substitute prescription, and you wish to build structure and stability back into your life, get in touch. We’re here to support you in your journey to recovery, as you take control of your own life.",Addiction Support,,,Unknown,"The Friary, Tullideph Road, Dundee, DD2 2PN, Scotland",56.465868,-2.998954
Dundee City,The Reconnection Project,,Scheduled Activity,Addiction Support,Mixed,Adults,Tuesday,10:00:00,16:00:00,"The Friary, City Church, Tullideph Road, Dundee",DD2 2PN,Unknown,07722 800418,contact@thereconnectionproject.org.uk,https://thereconnectionproject.org.uk/#what,Yes,Free,,"People who are on the recovery journey from drug or alcohol addiction, and other connected issues, such as criminal conviction or p.t.s.d./combat stress.","We run an activity based recovery project centred around drug and alcohol addiction. We run workshops around gardening, woodwork and art. We are a partner in Recovery with Crossreach.",Aims to give marginalised people a route to employment through skills-based training workshops,Addiction Support,10:00,16:00,10:00-16:00,"The Friary, City Church, Tullideph Road, Dundee, DD2 2PN, Scotland",56.465978,-2.997687
Dundee City,The Reconnection Project,,Scheduled Activity,Addiction Support,Mixed,Adults,Wednesday,10:00:00,16:00:00,"The Friary, City Church, Tullideph Road, Dundee",DD2 2PN,Unknown,07722 800418,contact@thereconnectionproject.org.uk,https://thereconnectionproject.org.uk/#what,Yes,Free,,"People who are on the recovery journey from drug or alcohol addiction, and other connected issues, such as criminal conviction or p.t.s.d./combat stress.","We run an activity based recovery project centred around drug and alcohol addiction. We run workshops around gardening, woodwork and art. We are a partner in Recovery with Crossreach.",Aims to give marginalised people a route to employment through skills-based training workshops,Addiction Support,10:00,16:00,10:00-16:00,"The Friary, City Church, Tullideph Road, Dundee, DD2 2PN, Scotland",56.465978,-2.997687
Angus,The Reconnection Project,,Scheduled Activity,Addiction Support,Mixed,Adults,Thursday,10:00:00,16:00:00,"The Windmill Christian Centre, Millgate Loan, Arbroath",DD11 1QG,Unknown,07722 800418,contact@thereconnectionproject.org.uk,https://thereconnectionproject.org.uk/#what,Yes,Free,,"People who are on the recovery journey from drug or alcohol addiction, and other connected issues, such as criminal conviction or p.t.s.d./combat stress.","We run an activity based recovery project centred around drug and alcohol addiction. We run workshops around gardening, woodwork and art. We are a partner in Recovery with Crossreach.",Aims to give marginalised people a route to employment through skills-based training workshops,Addiction Support,10:00,16:00,10:00-16:00,"The Windmill Christian Centre, Millgate Loan, Arbroath, DD11 1QG, Scotland",56.554694,-2.591509
Angus,The Reconnection Project,,Scheduled Activity,Addiction Support,Mixed,Adults,Friday,10:00:00,16:00:00,"The Windmill Christian Centre, Millgate Loan, Arbroath",DD11 1QG,Unknown,07722 800418,contact@thereconnectionproject.org.uk,https://thereconnectionproject.org.uk/#what,Yes,Free,,"People who are on the recovery journey from drug or alcohol addiction, and other connected issues, such as criminal conviction or p.t.s.d./combat stress.","We run an activity based recovery project centred around drug and alcohol addiction. We run workshops around gardening, woodwork and art. We are a partner in Recovery with Crossreach.",Aims to give marginalised people a route to employment through skills-based training workshops,Addiction Support,10:00,16:00,10:00-16:00,"The Windmill Christian Centre, Millgate Loan, Arbroath, DD11 1QG, Scotland",56.554694,-2.591509
Dundee City,Positive Steps,Crisis Response Outreach Service (Cros),Open Access,Addiction Support,One-To-One,Adults,Monday,13:00:00,16:00:00,"Dundee Women's Hub, 2 Dudhope Street, Dundee",DD1 1JU,Unknown,01382 561822,crosteam@positivesteps.org.uk,https://positivesteps.org.uk/,Yes,Free,,"Individuals not currently engaged with another service facing crises such as mental health issues, homelessness or domestic abuse in Dundee","Our team responds to those who are at a high level of crisis and have previous substance misuse issues. CROS will provide a responsive, proactive, and personalised approach to supporting individuals. We coordinate support appointments and services, support individuals to attend, signpost to expert agencies, support individuals to understand their options.",,Addiction Support,13:00,16:00,13:00-16:00,"Dundee Women's Hub, 2 Dudhope Street, Dundee, DD1 1JU, Scotland",56.464971,-2.975326
Dundee City,Positive Steps,Cuckooing Project,Open Access,Health And Wellbeing,One-To-One,Women,Monday,13:00:00,16:00:00,"Dundee Women's Hub, 2 Dudhope Street, Dundee",DD1 1JU,Unknown,01382 561822,cuckooing@positivesteps.org.uk,https://positivesteps.org.uk/,Yes,Free,,"Adult women victims of County Lines, Cuckooing and other forms of exploitation","Supporting those identified by Police Scotland, and who are affected by Cuckooing, County Lines, Human Trafficking and Exploitation. This project is sensitive to the specific needs of vulnerable women, including gender-based violence and sexual exploitation.",,Health and Wellbeing,13:00,16:00,13:00-16:00,"Dundee Women's Hub, 2 Dudhope Street, Dundee, DD1 1JU, Scotland",56.464971,-2.975326
Dundee City,Positive Steps,Crisis Response Outreach Service (Cros),Open Access,Addiction Support,One-To-One,Adults,Tuesday,14:00:00,16:30:00,"Change Centre, South Road, Dundee",DD2 4SR,Unknown,01382 561822,crosteam@positivesteps.org.uk,https://positivesteps.org.uk/,Yes,Free,,"Individuals not currently engaged with another service facing crises such as mental health issues, homelessness or domestic abuse in Dundee","Our team responds to those who are at a high level of crisis and have previous substance misuse issues. CROS will provide a responsive, proactive, and personalised approach to supporting individuals. We coordinate support appointments and services, support individuals to attend, signpost to expert agencies, support individuals to understand their options.",,Addiction Support,14:00,16:30,14:00-16:30,"Change Centre, South Road, Dundee, DD2 4SR, Scotland",56.471076,-3.04798
Dundee City,Positive Steps,Crisis Response Outreach Service (Cros),Open Access,Addiction Support,One-To-One,Adults,Wednesday,14:00:00,16:30:00,"Lochee Community Hub, 118 High Street, Lochee, Dundee",DD2 3BL,Unknown,01382 561822,cuckooing@positivesteps.org.uk,https://positivesteps.org.uk/,Yes,Free,,"Individuals not currently engaged with another service facing crises such as mental health issues, homelessness or domestic abuse in Dundee","Our team responds to those who are at a high level of crisis and have previous substance misuse issues. CROS will provide a responsive, proactive, and personalised approach to supporting individuals. We coordinate support appointments and services, support individuals to attend, signpost to expert agencies, support individuals to understand their options.",,Addiction Support,14:00,16:30,14:00-16:30,"Lochee Community Hub, 118 High Street, Lochee, Dundee, DD2 3BL, Scotland",56.472339,-3.009982
Dundee City,Positive Steps,Positive Steps Outreach,Open Access,Addiction Support,One-To-One,Adults,Wednesday,13:00:00,16:00:00,"Dundee & Angus Foodbank, 116 Albert Street, Dundee",DD4 6QN,Unknown,01382 561822,info@positivesteps.org.uk,https://positivesteps.org.uk/,Yes,Free,,"Individuals facing crises such as mental health issues, homelessness or domestic abuse in Dundee",Not on Recovery Map,"Positive Steps works with individuals with a wide range of potential barriers to sustaining independent living. Individuals are often impacted by mental health, learning disabilities, substance usage, offending behaviour, homelessness and poverty.",Addiction Support,13:00,16:00,13:00-16:00,"Dundee & Angus Foodbank, 116 Albert Street, Dundee, DD4 6QN, Scotland",56.47092,-2.95742
Dundee City,Positive Steps,Housing Support,By Appointment,Housing,One-To-One,Adults,Various,Unknown,Unknown,"Swan House, 2 Explorer Road, Dundee",DD2 1DX,Unknown,01382 561822,hsteam@positivesteps.org.uk,https://positivesteps.org.uk/,Yes,Free,,Local adults regardless of housing status,"Housing Support. We deliver support to adults locally, regardless of housing tenure. As well as the practical skills necessary to manage a tenancy, the service also offers support in other key areas.",https://www.canva.com/design/DAGDgYDkceM/5JIoBP6hZAUi3lg_WlcGEg/view?utm_content=DAGDgYDkceM&utm_campaign=designshare&utm_medium=link&utm_source=editor AND https://www.canva.com/design/DAGJUyG6MOE/SoXl7LRGbTQSrgueHFuHiQ/view?utm_content=DAGJUyG6MOE&utm_campaign=designshare&utm_medium=link&utm_source=editor https://www.canva.com/design/DAGJUyG6MOE/SoXl7LRGbTQSrgueHFuHiQ/view?utm_content=DAGJUyG6MOE&utm_campaign=designshare&utm_medium=link&utm_source=editor,Housing,,,Unknown,"Swan House, 2 Explorer Road, Dundee, DD2 1DX, Scotland",56.466311,-3.059553
Dundee City,Positive Steps,Crisis Response Outreach Service (Cros),By Appointment,Addiction Support,One-To-One,Adults,Unknown,Unknown,Unknown,"Swan House, 2 Explorer Road, Dundee",DD2 1DX,Unknown,01382 561 822,crosteam@positivesteps.org.uk,https://positivesteps.org.uk/,Yes,Free,,"Individuals not currently engaged with another service facing crises such as mental health issues, homelessness or domestic abuse in Dundee","Our team responds to those who are at a high level of crisis and have previous substance misuse issues. CROS will provide a responsive, proactive, and personalised approach to supporting individuals. We coordinate support appointments and services, support individuals to attend, signpost to expert agencies, support individuals to understand their options.",https://www.canva.com/design/DAGJUnVs6Ow/R8tK0kHHq-VNbIDxQvc9VA/view?utm_content=DAGJUnVs6Ow&utm_campaign=designshare&utm_medium=link&utm_source=editor,Addiction Support,,,Unknown,"Swan House, 2 Explorer Road, Dundee, DD2 1DX, Scotland",56.466311,-3.059553
Dundee City,Positive Steps,Cuckooing Outreach Service,By Appointment,Health And Wellbeing,One-To-One,Adults,Unknown,Unknown,Unknown,"Swan House, 2 Explorer Road, Dundee",DD2 1DX,Unknown,01382 561 822,cuckooing@positivesteps.org.uk,https://positivesteps.org.uk/,Yes,Free,,"Victims of county lines, cuckooing, and other form of exploitation","Supporting those identified by Police Scotland, and who are affected by Cuckooing, County Lines, Human Trafficking and Exploitation. This project is sensitive to the specific needs of vulnerable women, including gender-based",https://www.canva.com/design/DAGHGvNDoIY/GdMlIbRXhRhyo7DQjNkgKg/view?utm_content=DAGHGvNDoIY&utm_campaign=designshare&utm_medium=link&utm_source=editor,Health and Wellbeing,,,Unknown,"Swan House, 2 Explorer Road, Dundee, DD2 1DX, Scotland",56.466311,-3.059553
Dundee City,Positive Steps,Custody Access Referrals Service,By Appointment,Health And Wellbeing,One-To-One,Adults,Unknown,Unknown,Unknown,"Swan House, 2 Explorer Road, Dundee",DD2 1DX,Unknown,01382 561 822 or 07485372718 or  07973627373,cars@positivesteps.org.uk,https://positivesteps.org.uk/,Unknown,Free,,Dundee residents who are arrested and taken into custody,"Custody, Arrest and Referral Service (CARS) offer a needs assessment to those within Dundee Custody Suite, and support individuals to refer and access appropriate services to reduce the issues that lead to offending behaviour.",https://www.canva.com/design/DAGC3LifkzI/A9yN8Waz59GIg5ZlSd3AjQ/view?utm_content=DAGC3LifkzI&utm_campaign=designshare&utm_medium=link&utm_source=editor,Health and Wellbeing,,,Unknown,"Swan House, 2 Explorer Road, Dundee, DD2 1DX, Scotland",56.466311,-3.059553
Dundee City,Positive Steps,Chance To Thrive,By Appointment,Housing,One-To-One,Adults,Unknown,Unknown,Unknown,"Swan House, 2 Explorer Road, Dundee",DD2 1DX,Unknown,01382 561 822,chancetothrive@positivesteps.org.uk,https://positivesteps.org.uk/,Yes,Free,,Homeless individuals with complex needs,Not on Recovery Map,Supports the complex needs of homeless individuals by providing furnished accommodation and tailored support.,Housing,,,Unknown,"Swan House, 2 Explorer Road, Dundee, DD2 1DX, Scotland",56.466311,-3.059553
Dundee City,Dundee Independent Advocacy Service (DIAS),,By Appointment,Health And Wellbeing,One-To-One,Adults,Unknown,Unknown,Unknown,"c/o One Parent Families Scotland, 20 Grampian Gardens, Dundee",DD4 9QZ,Unknown,01382 205515,admin@diasdundee.org,https://diasdundee.org/,Yes,Free,,Age 21+ in Dundee,We provide Independent Advocacy Support for adults over the age of 21 to exercise their right to have their views listened to and taken seriously.,"An independent advocate can help you build your confidence, empowering you to speak up in situations where you’d normally feel unable to, and will provide continued support until you feel you are able to so on your own i.e. ‘self-advocacy’.",Health and Wellbeing,,,Unknown,"c/o One Parent Families Scotland, 20 Grampian Gardens, Dundee, DD4 9QZ, Scotland",56.494119,-2.937662
Dundee City,Lloyds Pharmacy,Injecting Equipment Provision (Iep),Open Access,Harm Reduction,One-To-One,Adults,Monday,09:00:00,17:30:00,"103 High Street, Lochee, Dundee",DD2 3BX,Unknown,01382 611768,Not listed,Not listed,Yes,Free,,Open to all,"Confidential access to injecting equipment provision (IEP/needle exchange) providing injecting equipment, paraphernalia and sharps bins on a one-to-on basis.",,Harm Reduction,09:00,17:30,09:00-17:30,"103 High Street, Lochee, Dundee, DD2 3BX, Scotland",56.472131,-3.00958
Dundee City,Lloyds Pharmacy,Injecting Equipment Provision (Iep),Open Access,Harm Reduction,One-To-One,Adults,Tuesday,09:00:00,17:30:00,"103 High Street, Lochee, Dundee",DD2 3BX,Unknown,01382 611768,Not listed,Not listed,Yes,Free,,Open to all,"Confidential access to injecting equipment provision (IEP/needle exchange) providing injecting equipment, paraphernalia and sharps bins on a one-to-on basis.",,Harm Reduction,09:00,17:30,09:00-17:30,"103 High Street, Lochee, Dundee, DD2 3BX, Scotland",56.472131,-3.00958
Dundee City,Lloyds Pharmacy,Injecting Equipment Provision (Iep),Open Access,Harm Reduction,One-To-One,Adults,Wednesday,09:00:00,17:30:00,"103 High Street, Lochee, Dundee",DD2 3BX,Unknown,01382 611768,Not listed,Not listed,Yes,Free,,Open to all,"Confidential access to injecting equipment provision (IEP/needle exchange) providing injecting equipment, paraphernalia and sharps bins on a one-to-on basis.",,Harm Reduction,09:00,17:30,09:00-17:30,"103 High Street, Lochee, Dundee, DD2 3BX, Scotland",56.472131,-3.00958
Dundee City,Lloyds Pharmacy,Injecting Equipment Provision (Iep),Open Access,Harm Reduction,One-To-One,Adults,Thursday,09:00:00,17:30:00,"103 High Street, Lochee, Dundee",DD2 3BX,Unknown,01382 611768,Not listed,Not listed,Yes,Free,,Open to all,"Confidential access to injecting equipment provision (IEP/needle exchange) providing injecting equipment, paraphernalia and sharps bins on a one-to-on basis.",,Harm Reduction,09:00,17:30,09:00-17:30,"103 High Street, Lochee, Dundee, DD2 3BX, Scotland",56.472131,-3.00958
Dundee City,Lloyds Pharmacy,Injecting Equipment Provision (Iep),Open Access,Harm Reduction,One-To-One,Adults,Friday,09:00:00,17:30:00,"103 High Street, Lochee, Dundee",DD2 3BX,Unknown,01382 611768,Not listed,Not listed,Yes,Free,,Open to all,"Confidential access to injecting equipment provision (IEP/needle exchange) providing injecting equipment, paraphernalia and sharps bins on a one-to-on basis.",,Harm Reduction,09:00,17:30,09:00-17:30,"103 High Street, Lochee, Dundee, DD2 3BX, Scotland",56.472131,-3.00958
Dundee City,Lloyds Pharmacy,Injecting Equipment Provision (Iep),Open Access,Harm Reduction,One-To-One,Adults,Saturday,09:00:00,17:00:00,"103 High Street, Lochee, Dundee",DD2 3BX,Unknown,01382 611768,Not listed,Not listed,Yes,Free,,Open to all,"Confidential access to injecting equipment provision (IEP/needle exchange) providing injecting equipment, paraphernalia and sharps bins on a one-to-on basis.",,Harm Reduction,09:00,17:00,09:00-17:00,"103 High Street, Lochee, Dundee, DD2 3BX, Scotland",56.472131,-3.00958
Dundee City,Richardson Pharmacy,Injecting Equipment Provision (Iep),Open Access,Harm Reduction,One-To-One,Adults,Monday,09:00:00,17:30:00,"181 Blackness Road, Dundee",DD1 5PH,Unknown,01382 667175,Not listed,Not listed,Yes,Free,,Open to all,"Confidential access to injecting equipment provision (IEP/needle exchange) providing injecting equipment, paraphernalia and sharps bins on a one-to-on basis.",,Harm Reduction,09:00,17:30,09:00-17:30,"181 Blackness Road, Dundee, DD1 5PH, Scotland",56.460138,-2.99193
Dundee City,Richardson Pharmacy,Injecting Equipment Provision (Iep),Open Access,Harm Reduction,One-To-One,Adults,Tuesday,09:00:00,17:30:00,"181 Blackness Road, Dundee",DD1 5PH,Unknown,01382 667175,Not listed,Not listed,Yes,Free,,Open to all,"Confidential access to injecting equipment provision (IEP/needle exchange) providing injecting equipment, paraphernalia and sharps bins on a one-to-on basis.",,Harm Reduction,09:00,17:30,09:00-17:30,"181 Blackness Road, Dundee, DD1 5PH, Scotland",56.460138,-2.99193
Dundee City,Richardson Pharmacy,Injecting Equipment Provision (Iep),Open Access,Harm Reduction,One-To-One,Adults,Wednesday,09:00:00,17:30:00,"181 Blackness Road, Dundee",DD1 5PH,Unknown,01382 667175,Not listed,Not listed,Yes,Free,,Open to all,"Confidential access to injecting equipment provision (IEP/needle exchange) providing injecting equipment, paraphernalia and sharps bins on a one-to-on basis.",,Harm Reduction,09:00,17:30,09:00-17:30,"181 Blackness Road, Dundee, DD1 5PH, Scotland",56.460138,-2.99193
Dundee City,Richardson Pharmacy,Injecting Equipment Provision (Iep),Open Access,Harm Reduction,One-To-One,Adults,Thursday,09:00:00,17:30:00,"181 Blackness Road, Dundee",DD1 5PH,Unknown,01382 667175,Not listed,Not listed,Yes,Free,,Open to all,"Confidential access to injecting equipment provision (IEP/needle exchange) providing injecting equipment, paraphernalia and sharps bins on a one-to-on basis.",,Harm Reduction,09:00,17:30,09:00-17:30,"181 Blackness Road, Dundee, DD1 5PH, Scotland",56.460138,-2.99193
Dundee City,Richardson Pharmacy,Injecting Equipment Provision (Iep),Open Access,Harm Reduction,One-To-One,Adults,Friday,09:00:00,17:30:00,"181 Blackness Road, Dundee",DD1 5PH,Unknown,01382 667175,Not listed,Not listed,Yes,Free,,Open to all,"Confidential access to injecting equipment provision (IEP/needle exchange) providing injecting equipment, paraphernalia and sharps bins on a one-to-on basis.",,Harm Reduction,09:00,17:30,09:00-17:30,"181 Blackness Road, Dundee, DD1 5PH, Scotland",56.460138,-2.99193
Dundee City,Richardson Pharmacy,Injecting Equipment Provision (Iep),Open Access,Harm Reduction,One-To-One,Adults,Saturday,09:00:00,17:00:00,"181 Blackness Road, Dundee",DD1 5PH,Unknown,01382 667175,Not listed,Not listed,Yes,Free,,Open to all,"Confidential access to injecting equipment provision (IEP/needle exchange) providing injecting equipment, paraphernalia and sharps bins on a one-to-on basis.",,Harm Reduction,09:00,17:00,09:00-17:00,"181 Blackness Road, Dundee, DD1 5PH, Scotland",56.460138,-2.99193
Dundee City,Boots Pharmacy,Injecting Equipment Provision (Iep),Open Access,Harm Reduction,One-To-One,Adults,Monday,09:00:00,17:30:00,"79 Macalpine Road, Dundee",DD3 8RE,Unknown,01382 826862,Not listed,Not listed,Yes,Free,,Open to all,"Confidential access to injecting equipment provision (IEP/needle exchange) providing injecting equipment, paraphernalia and sharps bins on a one-to-on basis.",,Harm Reduction,09:00,17:30,09:00-17:30,"79 Macalpine Road, Dundee, DD3 8RE, Scotland",56.487384,-3.006416
Dundee City,Boots Pharmacy,Injecting Equipment Provision (Iep),Open Access,Harm Reduction,One-To-One,Adults,Tuesday,09:00:00,17:30:00,"79 Macalpine Road, Dundee",DD3 8RE,Unknown,01382 826862,Not listed,Not listed,Yes,Free,,Open to all,"Confidential access to injecting equipment provision (IEP/needle exchange) providing injecting equipment, paraphernalia and sharps bins on a one-to-on basis.",,Harm Reduction,09:00,17:30,09:00-17:30,"79 Macalpine Road, Dundee, DD3 8RE, Scotland",56.487384,-3.006416
Dundee City,Boots Pharmacy,Injecting Equipment Provision (Iep),Open Access,Harm Reduction,One-To-One,Adults,Wednesday,09:00:00,17:30:00,"79 Macalpine Road, Dundee",DD3 8RE,Unknown,01382 826862,Not listed,Not listed,Yes,Free,,Open to all,"Confidential access to injecting equipment provision (IEP/needle exchange) providing injecting equipment, paraphernalia and sharps bins on a one-to-on basis.",,Harm Reduction,09:00,17:30,09:00-17:30,"79 Macalpine Road, Dundee, DD3 8RE, Scotland",56.487384,-3.006416
Dundee City,Boots Pharmacy,Injecting Equipment Provision (Iep),Open Access,Harm Reduction,One-To-One,Adults,Thursday,09:00:00,17:30:00,"79 Macalpine Road, Dundee",DD3 8RE,Unknown,01382 826862,Not listed,Not listed,Yes,Free,,Open to all,"Confidential access to injecting equipment provision (IEP/needle exchange) providing injecting equipment, paraphernalia and sharps bins on a one-to-on basis.",,Harm Reduction,09:00,17:30,09:00-17:30,"79 Macalpine Road, Dundee, DD3 8RE, Scotland",56.487384,-3.006416
Dundee City,Boots Pharmacy,Injecting Equipment Provision (Iep),Open Access,Harm Reduction,One-To-One,Adults,Friday,09:00:00,17:30:00,"79 Macalpine Road, Dundee",DD3 8RE,Unknown,01382 826862,Not listed,Not listed,Yes,Free,,Open to all,"Confidential access to injecting equipment provision (IEP/needle exchange) providing injecting equipment, paraphernalia and sharps bins on a one-to-on basis.",,Harm Reduction,09:00,17:30,09:00-17:30,"79 Macalpine Road, Dundee, DD3 8RE, Scotland",56.487384,-3.006416
Dundee City,Boots Pharmacy,Injecting Equipment Provision (Iep),Open Access,Harm Reduction,One-To-One,Adults,Saturday,09:00:00,17:00:00,"79 Macalpine Road, Dundee",DD3 8RE,Unknown,01382 826862,Not listed,Not listed,Yes,Free,,Open to all,"Confidential access to injecting equipment provision (IEP/needle exchange) providing injecting equipment, paraphernalia and sharps bins on a one-to-on basis.",,Harm Reduction,09:00,17:00,09:00-17:00,"79 Macalpine Road, Dundee, DD3 8RE, Scotland",56.487384,-3.006416
Dundee City,Boots Pharmacy,Injecting Equipment Provision (Iep),Open Access,Harm Reduction,One-To-One,Adults,Monday,09:00:00,18:00:00,"71 Lothian Crescent, Dundee",DD4 0HU,Unknown,01382 507666,Not listed,Not listed,Yes,Free,,Open to all,"Confidential access to injecting equipment provision (IEP/needle exchange) providing injecting equipment, paraphernalia and sharps bins on a one-to-on basis.",,Harm Reduction,09:00,18:00,09:00-18:00,"71 Lothian Crescent, Dundee, DD4 0HU, Scotland",56.489789,-2.916208
Dundee City,Boots Pharmacy,Injecting Equipment Provision (Iep),Open Access,Harm Reduction,One-To-One,Adults,Tuesday,09:00:00,18:00:00,"71 Lothian Crescent, Dundee",DD4 0HU,Unknown,01382 507666,Not listed,Not listed,Yes,Free,,Open to all,"Confidential access to injecting equipment provision (IEP/needle exchange) providing injecting equipment, paraphernalia and sharps bins on a one-to-on basis.",,Harm Reduction,09:00,18:00,09:00-18:00,"71 Lothian Crescent, Dundee, DD4 0HU, Scotland",56.489789,-2.916208
Dundee City,Boots Pharmacy,Injecting Equipment Provision (Iep),Open Access,Harm Reduction,One-To-One,Adults,Wednesday,09:00:00,18:00:00,"71 Lothian Crescent, Dundee",DD4 0HU,Unknown,01382 507666,Not listed,Not listed,Yes,Free,,Open to all,"Confidential access to injecting equipment provision (IEP/needle exchange) providing injecting equipment, paraphernalia and sharps bins on a one-to-on basis.",,Harm Reduction,09:00,18:00,09:00-18:00,"71 Lothian Crescent, Dundee, DD4 0HU, Scotland",56.489789,-2.916208
Dundee City,Boots Pharmacy,Injecting Equipment Provision (Iep),Open Access,Harm Reduction,One-To-One,Adults,Thursday,09:00:00,18:00:00,"71 Lothian Crescent, Dundee",DD4 0HU,Unknown,01382 507666,Not listed,Not listed,Yes,Free,,Open to all,"Confidential access to injecting equipment provision (IEP/needle exchange) providing injecting equipment, paraphernalia and sharps bins on a one-to-on basis.",,Harm Reduction,09:00,18:00,09:00-18:00,"71 Lothian Crescent, Dundee, DD4 0HU, Scotland",56.489789,-2.916208
Dundee City,Boots Pharmacy,Injecting Equipment Provision (Iep),Open Access,Harm Reduction,One-To-One,Adults,Friday,09:00:00,18:00:00,"71 Lothian Crescent, Dundee",DD4 0HU,Unknown,01382 507666,Not listed,Not listed,Yes,Free,,Open to all,"Confidential access to injecting equipment provision (IEP/needle exchange) providing injecting equipment, paraphernalia and sharps bins on a one-to-on basis.",,Harm Reduction,09:00,18:00,09:00-18:00,"71 Lothian Crescent, Dundee, DD4 0HU, Scotland",56.489789,-2.916208
Dundee City,Boots Pharmacy,Injecting Equipment Provision (Iep),Open Access,Harm Reduction,One-To-One,Adults,Saturday,09:00:00,17:00:00,"71 Lothian Crescent, Dundee",DD4 0HU,Unknown,01382 507666,Not listed,Not listed,Yes,Free,,Open to all,"Confidential access to injecting equipment provision (IEP/needle exchange) providing injecting equipment, paraphernalia and sharps bins on a one-to-on basis.",,Harm Reduction,09:00,17:00,09:00-17:00,"71 Lothian Crescent, Dundee, DD4 0HU, Scotland",56.489789,-2.916208
Dundee City,Boots Pharmacy,Injecting Equipment Provision (Iep),Open Access,Harm Reduction,One-To-One,Adults,Monday,09:00:00,21:00:00,"94 Albert Street, Dundee",DD4 6QH,Unknown,01382 451287,Not listed,Not listed,Yes,Free,,Open to all,"Confidential access to injecting equipment provision (IEP/needle exchange) providing injecting equipment, paraphernalia and sharps bins on a one-to-on basis.",,Harm Reduction,09:00,21:00,09:00-21:00,"94 Albert Street, Dundee, DD4 6QH, Scotland",56.470132,-2.95791
Dundee City,Boots Pharmacy,Injecting Equipment Provision (Iep),Open Access,Harm Reduction,One-To-One,Adults,Tuesday,09:00:00,21:00:00,"95 Albert Street, Dundee",DD4 6QH,Unknown,01382 451287,Not listed,Not listed,Yes,Free,,Open to all,"Confidential access to injecting equipment provision (IEP/needle exchange) providing injecting equipment, paraphernalia and sharps bins on a one-to-on basis.",,Harm Reduction,09:00,21:00,09:00-21:00,"95 Albert Street, Dundee, DD4 6QH, Scotland",56.469611,-2.957554
Dundee City,Boots Pharmacy,Injecting Equipment Provision (Iep),Open Access,Harm Reduction,One-To-One,Adults,Wednesday,09:00:00,21:00:00,"96 Albert Street, Dundee",DD4 6QH,Unknown,01382 451287,Not listed,Not listed,Yes,Free,,Open to all,"Confidential access to injecting equipment provision (IEP/needle exchange) providing injecting equipment, paraphernalia and sharps bins on a one-to-on basis.",,Harm Reduction,09:00,21:00,09:00-21:00,"96 Albert Street, Dundee, DD4 6QH, Scotland",56.470225,-2.957886
Dundee City,Boots Pharmacy,Injecting Equipment Provision (Iep),Open Access,Harm Reduction,One-To-One,Adults,Thursday,09:00:00,21:00:00,"97 Albert Street, Dundee",DD4 6QH,Unknown,01382 451287,Not listed,Not listed,Yes,Free,,Open to all,"Confidential access to injecting equipment provision (IEP/needle exchange) providing injecting equipment, paraphernalia and sharps bins on a one-to-on basis.",,Harm Reduction,09:00,21:00,09:00-21:00,"97 Albert Street, Dundee, DD4 6QH, Scotland",56.469611,-2.957554
Dundee City,Boots Pharmacy,Injecting Equipment Provision (Iep),Open Access,Harm Reduction,One-To-One,Adults,Friday,09:00:00,21:00:00,"98 Albert Street, Dundee",DD4 6QH,Unknown,01382 451287,Not listed,Not listed,Yes,Free,,Open to all,"Confidential access to injecting equipment provision (IEP/needle exchange) providing injecting equipment, paraphernalia and sharps bins on a one-to-on basis.",,Harm Reduction,09:00,21:00,09:00-21:00,"98 Albert Street, Dundee, DD4 6QH, Scotland",56.469611,-2.957554
Dundee City,Boots Pharmacy,Injecting Equipment Provision (Iep),Open Access,Harm Reduction,One-To-One,Adults,Saturday,09:00:00,17:00:00,"99 Albert Street, Dundee",DD4 6QH,Unknown,01382 451287,Not listed,Not listed,Yes,Free,,Open to all,"Confidential access to injecting equipment provision (IEP/needle exchange) providing injecting equipment, paraphernalia and sharps bins on a one-to-on basis.",,Harm Reduction,09:00,17:00,09:00-17:00,"99 Albert Street, Dundee, DD4 6QH, Scotland",56.469611,-2.957554
Dundee City,Boots Pharmacy,Injecting Equipment Provision (Iep),Open Access,Harm Reduction,One-To-One,Adults,Sunday,12:00:00,16:00:00,"100 Albert Street, Dundee",DD4 6QH,Unknown,01382 451287,Not listed,Not listed,Yes,Free,,Open to all,"Confidential access to injecting equipment provision (IEP/needle exchange) providing injecting equipment, paraphernalia and sharps bins on a one-to-on basis.",,Harm Reduction,12:00,16:00,12:00-16:00,"100 Albert Street, Dundee, DD4 6QH, Scotland",56.469611,-2.957554
Dundee City,Narcotics Anonymous,Just For Today,Scheduled Activity,Peer Support,Group,All Ages,Sunday,11:30:00,12:30:00,"The Salvation Army Gatehouse,Strathmore Lodge, 31 Ward Road, Dundee",DD1 1NG,Unknown,03009 991212,helpline@ukna.org,https://meetings.ukna.org/meeting/search?postcode%5Bvalue%5D=10&postcode%5Bsource_configuration%5D%5Borigin_address%5D=Dundee&day=All&time=All&county=All&name=&open=All&language=All&wc=All,Yes,Free,,"Open to all, on request","Recovery from drug addiction is a rocky road, but if you stick clost to N/A meetings and N/A members, you will get all the support you need to help you on your journey.","The Format of the Meeting is a Just for Today Reading. Meeting is in Small Building Next to Car Park, Through the Black Gates. Children & pets welcome.",Peer Support,11:30,12:30,11:30-12:30,"The Salvation Army Gatehouse,Strathmore Lodge, 31 Ward Road, Dundee, DD1 1NG, Scotland",56.46169,-2.97784
Dundee City,Narcotics Anonymous,Serenity Sunday,Scheduled Activity,Peer Support,Group,All Ages,Sunday,18:30:00,20:00:00,"Gatehouse Annex Building, The Salvation Army, 31 War Road, Dundee",DD1 1NG,Unknown,03009 991212,helpline@ukna.org,https://meetings.ukna.org/meeting/search?postcode%5Bvalue%5D=10&postcode%5Bsource_configuration%5D%5Borigin_address%5D=Dundee&day=All&time=All&county=All&name=&open=All&language=All&wc=All,Yes,Free,,"Open to all, on request","Recovery from drug addiction is a rocky road, but if you stick clost to N/A meetings and N/A members, you will get all the support you need to help you on your journey.",Door to Left of the Gates to Car Park - Minimal Steps. The Format of the Meeting is General Share with a 15 Minute Break for Fellowship. Children welcome.,Peer Support,18:30,20:00,18:30-20:00,"Gatehouse Annex Building, The Salvation Army, 31 War Road, Dundee, DD1 1NG, Scotland",56.46169,-2.97784
Dundee City,Narcotics Anonymous,Happy Mondays,Scheduled Activity,Peer Support,Group,All Ages,Monday,10:30:00,11:30:00,"1st room on right, Salvation Army Gatehouse, 31 Ward Road, Dundee",DD1 1NG,Unknown,03009 991212,helpline@ukna.org,https://meetings.ukna.org/meeting/search?postcode%5Bvalue%5D=10&postcode%5Bsource_configuration%5D%5Borigin_address%5D=Dundee&day=All&time=All&county=All&name=&open=All&language=All&wc=All,Yes,Free,,"Open to all, on request","Recovery from drug addiction is a rocky road, but if you stick clost to N/A meetings and N/A members, you will get all the support you need to help you on your journey.","Meeting is in Small Building Next to Car Park, Through the Black Gates. Children & pets welcome. The Format of the Meeting is the Just for Today Reading and Sharing Back.",Peer Support,10:30,11:30,10:30-11:30,"1st room on right, Salvation Army Gatehouse, 31 Ward Road, Dundee, DD1 1NG, Scotland",56.46169,-2.97784
Dundee City,Narcotics Anonymous,Never Alone Again,Scheduled Activity,Peer Support,Group,Adults,Monday,18:30:00,19:30:00,"The Salvation Army Gatehouse,Strathmore Lodge, 31 Ward Road, Dundee",DD1 1NG,Unknown,03009 991212,helpline@ukna.org,https://meetings.ukna.org/meeting/search?postcode%5Bvalue%5D=10&postcode%5Bsource_configuration%5D%5Borigin_address%5D=Dundee&day=All&time=All&county=All&name=&open=All&language=All&wc=All,Yes,Free,,"Open to all, on request","Recovery from drug addiction is a rocky road, but if you stick clost to N/A meetings and N/A members, you will get all the support you need to help you on your journey.",Basic text meeting with last Monday of the month being a share. Share meeting.,Peer Support,18:30,19:30,18:30-19:30,"The Salvation Army Gatehouse,Strathmore Lodge, 31 Ward Road, Dundee, DD1 1NG, Scotland",56.46169,-2.97784
Dundee City,Narcotics Anonymous,The Guiding Principles,Scheduled Activity,Peer Support,Group,All Ages,Tuesday,11:00:00,12:00:00,"Lower Church Halls, Upstairs Room, Meadowside St Paul's Chirch, 114-116 Nethergate, Dundee",DD1 4EH,Unknown,03009 991212,helpline@ukna.org,https://meetings.ukna.org/meeting/search?postcode%5Bvalue%5D=10&postcode%5Bsource_configuration%5D%5Borigin_address%5D=Dundee&day=All&time=All&county=All&name=&open=All&language=All&wc=All,Yes,Free,,"Open to all, on request","Recovery from drug addiction is a rocky road, but if you stick clost to N/A meetings and N/A members, you will get all the support you need to help you on your journey.",The Format of the Meeting is a Guiding Principles Study. Reading One of the Traditions and Sharing Back.Children & pets welcome. The Venue Entrance is Round the Side of the Church. Go Down the Stairs and Once you are in the Building its the Room at the Top of the Stairs.,Peer Support,11:00,12:00,11:00-12:00,"Lower Church Halls, Upstairs Room, Meadowside St Paul's Chirch, 114-116 Nethergate, Dundee, DD1 4EH, Scotland",56.458385,-2.972881
Dundee City,Narcotics Anonymous,Tuesday Night We Do Recover Meeting,Scheduled Activity,Peer Support,Group,All Ages,Tuesday,18:30:00,20:00:00,"The Friary, Tullideph Road, Dundee",DD2 2PN,Unknown,03009 991212,helpline@ukna.org,https://meetings.ukna.org/meeting/search?postcode%5Bvalue%5D=10&postcode%5Bsource_configuration%5D%5Borigin_address%5D=Dundee&day=All&time=All&county=All&name=&open=All&language=All&wc=All,Yes,Free,,Open to all,"Recovery from drug addiction is a rocky road, but if you stick clost to N/A meetings and N/A members, you will get all the support you need to help you on your journey.","Share meeting, Parking Available. Children welcome.",Peer Support,18:30,20:00,18:30-20:00,"The Friary, Tullideph Road, Dundee, DD2 2PN, Scotland",56.465868,-2.998954
Dundee City,Narcotics Anonymous,Jft,Scheduled Activity,Peer Support,Group,All Ages,Wednesday,13:00:00,14:00:00,"St Paul's Church, 118 Nethergate, Dundee",DD1 4EH,Unknown,03009 991212,helpline@ukna.org,https://meetings.ukna.org/meeting/search?postcode%5Bvalue%5D=10&postcode%5Bsource_configuration%5D%5Borigin_address%5D=Dundee&day=All&time=All&county=All&name=&open=All&language=All&wc=All,Yes,Free,,Open to all,"Recovery from drug addiction is a rocky road, but if you stick clost to N/A meetings and N/A members, you will get all the support you need to help you on your journey.",The Format of the Meeting is a Fellow Reads from the Just for Today Book and Shares Back for 5-10 Minutes then General Share. Children & pets welcome.,Peer Support,13:00,14:00,13:00-14:00,"St Paul's Church, 118 Nethergate, Dundee, DD1 4EH, Scotland",56.458319,-2.973039
Dundee City,Narcotics Anonymous,Just For Today,Scheduled Activity,Peer Support,Group,All Ages,Wednesday,18:30:00,19:30:00,"1st room on right, Salvation Army Gatehouse, 31 Ward Road, Dundee",DD1 1NG,Unknown,03009 991212,helpline@ukna.org,https://meetings.ukna.org/meeting/search?postcode%5Bvalue%5D=10&postcode%5Bsource_configuration%5D%5Borigin_address%5D=Dundee&day=All&time=All&county=All&name=&open=All&language=All&wc=All,Yes,Free,,"Open to all, on request","Recovery from drug addiction is a rocky road, but if you stick clost to N/A meetings and N/A members, you will get all the support you need to help you on your journey.","Doors Open at 18:00pm for Coffee, Tea and Fellowship. The Format of the Meeting is Reading from the Just for Today and Sharing Back. Children and pets welcome. Beginner/newcomer friendly.",Peer Support,18:30,19:30,18:30-19:30,"1st room on right, Salvation Army Gatehouse, 31 Ward Road, Dundee, DD1 1NG, Scotland",56.46169,-2.97784
Dundee City,Narcotics Anonymous,Hope - Hold On Pain Ends,Scheduled Activity,Peer Support,Group,All Ages,Thursday,13:00:00,14:00:00,"St Paul's Church, 118 Nethergate, Dundee",DD1 4EH,Unknown,03009 991212,helpline@ukna.org,https://meetings.ukna.org/meeting/search?postcode%5Bvalue%5D=10&postcode%5Bsource_configuration%5D%5Borigin_address%5D=Dundee&day=All&time=All&county=All&name=&open=All&language=All&wc=All,Yes,Free,,Open to all,"Recovery from drug addiction is a rocky road, but if you stick clost to N/A meetings and N/A members, you will get all the support you need to help you on your journey.",The Format of the Meeting is a Fellow Reads for One of the Seven NA Cards and Shares Back for 5-10 Minutes and then Open for General Sharing,Peer Support,13:00,14:00,13:00-14:00,"St Paul's Church, 118 Nethergate, Dundee, DD1 4EH, Scotland",56.458319,-2.973039
Dundee City,Narcotics Anonymous,5Th Tradition,Scheduled Activity,Peer Support,Group,All Ages,Thursday,19:30:00,20:30:00,"Glamis Room, Menzieshill Community Centre, 260 Dickson Avenue, Dundee",DD2 4TQ,Unknown,03009 991212,helpline@ukna.org,https://meetings.ukna.org/meeting/search?postcode%5Bvalue%5D=10&postcode%5Bsource_configuration%5D%5Borigin_address%5D=Dundee&day=All&time=All&county=All&name=&open=All&language=All&wc=All,Yes,Free,,"Open to all, on request","Recovery from drug addiction is a rocky road, but if you stick clost to N/A meetings and N/A members, you will get all the support you need to help you on your journey.","Children welcome, no pets. The Format of the Meeting is a Just for Today Reading Main Share and General Share Back.  There will be an Occasional Experience, Strength & Hope Main Share.",Peer Support,19:30,20:30,19:30-20:30,"Glamis Room, Menzieshill Community Centre, 260 Dickson Avenue, Dundee, DD2 4TQ, Scotland",56.468009,-3.039435
Dundee City,Narcotics Anonymous,With These We Are Well On Our Way,Scheduled Activity,Peer Support,Group,All Ages,Friday,11:00:00,12:00:00,"The Friary, Tullideph Road, Dundee",DD2 2PN,Unknown,03009 991212,helpline@ukna.org,https://meetings.ukna.org/meeting/search?postcode%5Bvalue%5D=10&postcode%5Bsource_configuration%5D%5Borigin_address%5D=Dundee&day=All&time=All&county=All&name=&open=All&language=All&wc=All,Yes,Free,,Open to all,"Recovery from drug addiction is a rocky road, but if you stick clost to N/A meetings and N/A members, you will get all the support you need to help you on your journey.","The Format of the Meeting is the Spiritual Principle a Day, Literature Reading and Share Back. Children and pets welcome.",Peer Support,11:00,12:00,11:00-12:00,"The Friary, Tullideph Road, Dundee, DD2 2PN, Scotland",56.465868,-2.998954
Dundee City,Narcotics Anonymous,Back To Basics,Scheduled Activity,Peer Support,Group,All Ages,Friday,18:30:00,20:30:00,"Friary Church, Tullideph Road, Dundee",DD2 2PN,Unknown,03009 991212,helpline@ukna.org,https://meetings.ukna.org/meeting/search?postcode%5Bvalue%5D=10&postcode%5Bsource_configuration%5D%5Borigin_address%5D=Dundee&day=All&time=All&county=All&name=&open=All&language=All&wc=All,Yes,Free,,Open to all,"Recovery from drug addiction is a rocky road, but if you stick clost to N/A meetings and N/A members, you will get all the support you need to help you on your journey.","No pets, Share meeting, Parking Available. Children welcome.",Peer Support,18:30,20:30,18:30-20:30,"Friary Church, Tullideph Road, Dundee, DD2 2PN, Scotland",56.465978,-2.997687
Dundee City,Narcotics Anonymous,More Will Be Revealed,Scheduled Activity,Peer Support,Group,Adults,Saturday,11:30:00,12:30:00,"St Paul's Church, 118 Nethergate, Dundee",DD1 4EH,Unknown,03009 991212,helpline@ukna.org,https://meetings.ukna.org/meeting/search?postcode%5Bvalue%5D=10&postcode%5Bsource_configuration%5D%5Borigin_address%5D=Dundee&day=All&time=All&county=All&name=&open=All&language=All&wc=All,Yes,Free,,"Open to all, on request","Recovery from drug addiction is a rocky road, but if you stick clost to N/A meetings and N/A members, you will get all the support you need to help you on your journey.",Share meeting,Peer Support,11:30,12:30,11:30-12:30,"St Paul's Church, 118 Nethergate, Dundee, DD1 4EH, Scotland",56.458319,-2.973039
Dundee City,Narcotics Anonymous,Saturday Night Live,Scheduled Activity,Peer Support,Group,Adults,Saturday,18:30:00,20:00:00,"Small Hall, Downfield Mains Church, 1 Haldane Street, Downfield, Dundee",DD3 0HP,Unknown,03009 991212,helpline@ukna.org,https://meetings.ukna.org/meeting/search?postcode%5Bvalue%5D=10&postcode%5Bsource_configuration%5D%5Borigin_address%5D=Dundee&day=All&time=All&county=All&name=&open=All&language=All&wc=All,Yes,Free,,"Open to all, on request","Recovery from drug addiction is a rocky road, but if you stick clost to N/A meetings and N/A members, you will get all the support you need to help you on your journey.",Share meeting,Peer Support,18:30,20:00,18:30-20:00,"Small Hall, Downfield Mains Church, 1 Haldane Street, Downfield, Dundee, DD3 0HP, Scotland",56.490001,-2.993453
Dundee City,Gamblers Anonymous,Gamblers Anonymous Meeting,Scheduled Activity,Peer Support,Group,Adults,Tuesday,19:30:00,21:30:00,"St Stephens & West Church, Dundee Road, Broughty Ferry, Dundee",DD5 1DW,Ged,07940 999415 or 03700 508881,Not listed,https://ga-scotland.org/00diary/,Yes,Free,,Only for people who have a gambling problem.,"Gamblers Anonymous is a fellowship of men and women who share their experience, strength and hope with each other, that they may solve their common problem and help others to recovery from a gambling problem.",ENTER THROUGH SIDE BUILDING NOT MAIN CHURCH.,Peer Support,19:30,21:30,19:30-21:30,"St Stephens & West Church, Dundee Road, Broughty Ferry, Dundee, DD5 1DW, Scotland",56.468112,-2.88264
Dundee City,Gamblers Anonymous,G.A. Open Meeting : Pinning (Full Meeting),Scheduled Activity,Peer Support,Group,All Ages,Thursday,19:15:00,21:30:00,"St Peter & Pauls Church Hall, Milton Street, Dundee",DD3 6QN,Ged,07940 999415 or 03700 508881,Not listed,https://ga-scotland.org/00diary/,Yes,Free,,"Open to all members, family and friends","Gamblers Anonymous is a fellowship of men and women who share their experience, strength and hope with each other, that they may solve their common problem and help others to recovery from a gambling problem.",,Peer Support,19:15,21:30,19:15-21:30,"St Peter & Pauls Church Hall, Milton Street, Dundee, DD3 6QN, Scotland",56.473281,-2.981353
Dundee City,Gamblers Anonymous,G.A. And Gam-Anon Joint Meeting,Scheduled Activity,Peer Support,Group,Adults,Friday,15:30:00,17:30:00,"St Andrews Church Halls, 2 King Street, Dundee",DD1 2JB,Ged,07940 999415 or 03700 508881,Not listed,https://ga-scotland.org/00diary/,Yes,Free,,Open only to members of G.A. or Gam-Anon.,"Gamblers Anonymous is a fellowship of men and women who share their experience, strength and hope with each other, that they may solve their common problem and help others to recovery from a gambling problem.",,Peer Support,15:30,17:30,15:30-17:30,"St Andrews Church Halls, 2 King Street, Dundee, DD1 2JB, Scotland",56.465468,-2.965246
Dundee City,Gamblers Anonymous,Gamblers Anonymous Meeting,Scheduled Activity,Peer Support,Group,Adults,Monday,19:30:00,21:30:00,"St Andrews Church Halls, 2 King Street, Dundee",DD1 2JB,Ged,07940 999415 or 03700 508881,Not listed,https://ga-scotland.org/00diary/,Yes,Free,,Only for people who have a gambling problem.,"Gamblers Anonymous is a fellowship of men and women who share their experience, strength and hope with each other, that they may solve their common problem and help others to recovery from a gambling problem.",,Peer Support,19:30,21:30,19:30-21:30,"St Andrews Church Halls, 2 King Street, Dundee, DD1 2JB, Scotland",56.465468,-2.965246
Dundee City,Alcoholics Anonymous,Dundee No 3,Scheduled Activity,Peer Support,Group,Adults,Monday,12:30:00,14:00:00,"81 Meadowside, Dundee",DD1 1EN,Unknown,0800 917 7650 or 0131 225 2727 (24 hours),help@aamail.org,https://www.alcoholics-anonymous.org.uk/,Yes,Free,,Alcoholics and those who think or know they have a problem with drinking,12 step Programme of recovery. See website for locations and times.,,Peer Support,12:30,14:00,12:30-14:00,"81 Meadowside, Dundee, DD1 1EN, Scotland",56.4643,-2.971335
Dundee City,Alcoholics Anonymous,Dundee Carseview,Scheduled Activity,Peer Support,Group,All Ages,Monday,19:00:00,20:30:00,"Carseview Centre, Tom Mcdonald Avenue, Dundee",DD2 1NH,Unknown,0800 917 7650 or 0131 225 2727 (24 hours),help@aamail.org,https://www.alcoholics-anonymous.org.uk/,Yes,Free,,"Alcoholics and those who think or know they have a problem with drinking, and friends & family of alcoholics",12 step Programme of recovery. See website for locations and times.,All meetings open (includes friends and family members),Peer Support,19:00,20:30,19:00-20:30,"Carseview Centre, Tom Mcdonald Avenue, Dundee, DD2 1NH, Scotland",56.463834,-3.045668
Dundee City,Alcoholics Anonymous,Dundee No 3,Scheduled Activity,Peer Support,Group,All Ages,Monday,19:00:00,20:30:00,"81 Meadowside, Dundee",DD1 1EN,Unknown,0800 917 7650 or 0131 225 2727 (24 hours),help@aamail.org,https://www.alcoholics-anonymous.org.uk/,Yes,Free,,"Alcoholics and those who think or know they have a problem with drinking, and family and friends of alcoholics",12 step Programme of recovery. See website for locations and times.,All meetings open (includes friends and family members). Doors open 18:00,Peer Support,19:00,20:30,19:00-20:30,"81 Meadowside, Dundee, DD1 1EN, Scotland",56.4643,-2.971335
Dundee City,Alcoholics Anonymous,Dundee No 3,Scheduled Activity,Peer Support,Group,All Ages,Tuesday,12:30:00,14:00:00,"81 Meadowside, Dundee",DD1 1EN,Unknown,0800 917 7650 or 0131 225 2727 (24 hours),help@aamail.org,https://www.alcoholics-anonymous.org.uk/,Yes,Free,,"Alcoholics and those who think or know they have a problem with drinking, and friends and family of alcoholics",12 step Programme of recovery. See website for locations and times.,All meetings open (includes friends and family members). Doors open 11:30,Peer Support,12:30,14:00,12:30-14:00,"81 Meadowside, Dundee, DD1 1EN, Scotland",56.4643,-2.971335
Dundee City,Alcoholics Anonymous,Dundee Women Living Sober,Scheduled Activity,Peer Support,Group,Women,Tuesday,17:00:00,18:00:00,"10 Consititution Road, Dundee",DD1 1LL,Unknown,0800 917 7650 or 0131 225 2727 (24 hours),help@aamail.org,https://www.alcoholics-anonymous.org.uk/,Yes,Free,,Alcoholics and those who think or know they have a problem with drinking,12 step Programme of recovery. See website for locations and times.,***Check times as it was written as '18:00–17:00',Peer Support,17:00,18:00,17:00-18:00,"10 Consititution Road, Dundee, DD1 1LL, Scotland",56.462299,-2.97493
Dundee City,Alcoholics Anonymous,Dundee 12 Step,Scheduled Activity,Peer Support,Group,Adults,Tuesday,18:15:00,19:15:00,"Meadowside St Paul's Church, 118 Nethergate, Dundee",DD1 4EH,Unknown,0800 917 7650 or 0131 225 2727 (24 hours),help@aamail.org,https://www.alcoholics-anonymous.org.uk/,Yes,Free,,Alcoholics and those who think or know they have a problem with drinking,12 step Programme of recovery. See website for locations and times.,,Peer Support,18:15,19:15,18:15-19:15,"Meadowside St Paul's Church, 118 Nethergate, Dundee, DD1 4EH, Scotland",56.458319,-2.973039
Dundee City,Alcoholics Anonymous,Dundee No 3,Scheduled Activity,Peer Support,Group,Adults,Wednesday,12:30:00,14:00:00,"81 Meadowside, Dundee",DD1 1EN,Unknown,0800 917 7650 or 0131 225 2727 (24 hours),help@aamail.org,https://www.alcoholics-anonymous.org.uk/,Yes,Free,,Alcoholics and those who think or know they have a problem with drinking,12 step Programme of recovery. See website for locations and times.,Doors open 11:30,Peer Support,12:30,14:00,12:30-14:00,"81 Meadowside, Dundee, DD1 1EN, Scotland",56.4643,-2.971335
Dundee City,Alcoholics Anonymous,Dundee,Scheduled Activity,Peer Support,Group,Adults,Wednesday,19:00:00,20:30:00,"Brooksbank Centre, Pitairlie Road, Mid Craigie, Dundee",DD4 8DG,Unknown,0800 917 7650 or 0131 225 2727 (24 hours),help@aamail.org,https://www.alcoholics-anonymous.org.uk/,Yes,Free,,Alcoholics and those who think or know they have a problem with drinking,12 step Programme of recovery. See website for locations and times.,Doors open 18:30,Peer Support,19:00,20:30,19:00-20:30,"Brooksbank Centre, Pitairlie Road, Mid Craigie, Dundee, DD4 8DG, Scotland",56.481291,-2.937567
Dundee City,Alcoholics Anonymous,Dundee No 3,Scheduled Activity,Peer Support,Group,All Ages,Wednesday,19:00:00,20:30:00,"81 Meadowside, Dundee",DD1 1EN,Unknown,0800 917 7650 or 0131 225 2727 (24 hours),help@aamail.org,https://www.alcoholics-anonymous.org.uk/,Yes,Free,,"Alcoholics and those who think or know they have a problem with drinking, and friends and family of alcoholics",12 step Programme of recovery. See website for locations and times.,All meetings open (includes friends and family members). Doors open 18:00,Peer Support,19:00,20:30,19:00-20:30,"81 Meadowside, Dundee, DD1 1EN, Scotland",56.4643,-2.971335
Dundee City,Alcoholics Anonymous,Dundee Beginners Plain Language,Scheduled Activity,Peer Support,Group,All Ages,Wednesday,19:00:00,20:15:00,"Logie & St John's Parish Church, Shaftsbury Terrace, Dundee",DD2 1HJ,Unknown,0800 917 7650 or 0131 225 2727 (24 hours),help@aamail.org,https://www.alcoholics-anonymous.org.uk/,Yes,Free,,"Alcoholics and those who think or know they have a problem with drinking, and friends and family of alcoholics",12 step Programme of recovery. See website for locations and times.,All meetings open (includes friends and family members).,Peer Support,19:00,20:15,19:00-20:15,"Logie & St John's Parish Church, Shaftsbury Terrace, Dundee, DD2 1HJ, Scotland",56.4577,-2.997523
Dundee City,Alcoholics Anonymous,Dundee No 3,Scheduled Activity,Peer Support,Group,All Ages,Thursday,12:30:00,14:00:00,"81 Meadowside, Dundee",DD1 1EN,Unknown,0800 917 7650 or 0131 225 2727 (24 hours),help@aamail.org,https://www.alcoholics-anonymous.org.uk/,Yes,Free,,"Alcoholics and those who think or know they have a problem with drinking, and friends and family of alcoholics",12 step Programme of recovery. See website for locations and times.,All meetings open (includes friends and family members). Doors open 11:30,Peer Support,12:30,14:00,12:30-14:00,"81 Meadowside, Dundee, DD1 1EN, Scotland",56.4643,-2.971335
Dundee City,Alcoholics Anonymous,Dundee Big Book Study,Scheduled Activity,Peer Support,Group,Adults,Thursday,18:00:00,19:15:00,"The Friary, Tullidelph Road, Dundee",DD2 2PN,Unknown,0800 917 7650 or 0131 225 2727 (24 hours),help@aamail.org,https://www.alcoholics-anonymous.org.uk/,Yes,Free,,Alcoholics and those who think or know they have a problem with drinking,12 step Programme of recovery. See website for locations and times.,,Peer Support,18:00,19:15,18:00-19:15,"The Friary, Tullidelph Road, Dundee, DD2 2PN, Scotland",56.465978,-2.997687
Dundee City,Alcoholics Anonymous,Dundee No 3,Scheduled Activity,Peer Support,Group,All Ages,Thursday,19:00:00,20:30:00,"81 Meadowside, Dundee",DD1 1EN,Unknown,0800 917 7650 or 0131 225 2727 (24 hours),help@aamail.org,https://www.alcoholics-anonymous.org.uk/,Yes,Free,,Alcoholics and those who think or know they have a problem with drinking,12 step Programme of recovery. See website for locations and times.,0800 917 7650 or 0131 225 2727 (24 hours),Peer Support,19:00,20:30,19:00-20:30,"81 Meadowside, Dundee, DD1 1EN, Scotland",56.4643,-2.971335
Dundee City,Alcoholics Anonymous,Dundee No 3,Scheduled Activity,Peer Support,Group,Adults,Friday,12:30:00,14:00:00,"81 Meadowside, Dundee",DD1 1EN,Unknown,0800 917 7650 or 0131 225 2727 (24 hours),help@aamail.org,https://www.alcoholics-anonymous.org.uk/,Yes,Free,,Alcoholics and those who think or know they have a problem with drinking,12 step Programme of recovery. See website for locations and times.,Doors open 11:30,Peer Support,12:30,14:00,12:30-14:00,"81 Meadowside, Dundee, DD1 1EN, Scotland",56.4643,-2.971335
Dundee City,Alcoholics Anonymous,Dundee Recovery,Scheduled Activity,Peer Support,Group,Adults,Friday,12:30:00,14:00:00,"St Andrews Church Halls, 2 King Street, Dundee",DD1 2JB,Unknown,0800 917 7650 or 0131 225 2727 (24 hours),help@aamail.org,https://www.alcoholics-anonymous.org.uk/,Yes,Free,,Alcoholics and those who think or know they have a problem with drinking,12 step Programme of recovery. See website for locations and times.,,Peer Support,12:30,14:00,12:30-14:00,"St Andrews Church Halls, 2 King Street, Dundee, DD1 2JB, Scotland",56.465468,-2.965246
Dundee City,Alcoholics Anonymous,Dundee No 3,Scheduled Activity,Peer Support,Group,All Ages,Friday,19:00:00,20:30:00,"81 Meadowside, Dundee",DD1 1EN,Unknown,0800 917 7650 or 0131 225 2727 (24 hours),help@aamail.org,https://www.alcoholics-anonymous.org.uk/,Yes,Free,,"Alcoholics and those who think or know they have a problem with drinking, and friends and family of alcoholics",12 step Programme of recovery. See website for locations and times.,All meetings open (includes friends and family members). Doors open 18:00,Peer Support,19:00,20:30,19:00-20:30,"81 Meadowside, Dundee, DD1 1EN, Scotland",56.4643,-2.971335
Dundee City,Alcoholics Anonymous,Dundee Broughty Ferry,Scheduled Activity,Peer Support,Group,Adults,Friday,19:30:00,21:00:00,"St Stephens & West Church, Dundee Road, Broughty Ferry, Dundee",DD5 1DW,Unknown,0800 917 7650 or 0131 225 2727 (24 hours),help@aamail.org,https://www.alcoholics-anonymous.org.uk/,Yes,Free,,Alcoholics and those who think or know they have a problem with drinking,12 step Programme of recovery. See website for locations and times.,,Peer Support,19:30,21:00,19:30-21:00,"St Stephens & West Church, Dundee Road, Broughty Ferry, Dundee, DD5 1DW, Scotland",56.468112,-2.88264
Dundee City,Alcoholics Anonymous,Dundee Big Book,Scheduled Activity,Peer Support,Group,Adults,Saturday,11:00:00,12:30:00,"Charleston Community Centre, 66 Craigowan Road, Charelston, Dundee",DD2 4NL,Unknown,0800 917 7650 or 0131 225 2727 (24 hours),help@aamail.org,https://www.alcoholics-anonymous.org.uk/,Yes,Free,,Alcoholics and those who think or know they have a problem with drinking,12 step Programme of recovery. See website for locations and times.,,Peer Support,11:00,12:30,11:00-12:30,"Charleston Community Centre, 66 Craigowan Road, Charelston, Dundee, DD2 4NL, Scotland",56.473704,-3.035385
Dundee City,Alcoholics Anonymous,Dundee No 3,Scheduled Activity,Peer Support,Group,All Ages,Saturday,12:30:00,14:00:00,"81 Meadowside, Dundee",DD1 1EN,Unknown,0800 917 7650 or 0131 225 2727 (24 hours),help@aamail.org,https://www.alcoholics-anonymous.org.uk/,Yes,Free,,"Alcoholics and those who think or know they have a problem with drinking, and friends and family of alcoholics",12 step Programme of recovery. See website for locations and times.,All meetings open (includes friends and family members). Doors open 11:30,Peer Support,12:30,14:00,12:30-14:00,"81 Meadowside, Dundee, DD1 1EN, Scotland",56.4643,-2.971335
Dundee City,Alcoholics Anonymous,Dundee No 3,Scheduled Activity,Peer Support,Group,All Ages,Saturday,19:00:00,20:30:00,"81 Meadowside, Dundee",DD1 1EN,Unknown,0800 917 7650 or 0131 225 2727 (24 hours),help@aamail.org,https://www.alcoholics-anonymous.org.uk/,Yes,Free,,"Alcoholics and those who think or know they have a problem with drinking, and friends and family of alcoholics",12 step Programme of recovery. See website for locations and times.,All meetings open (includes friends and family members). Doors open 18:00,Peer Support,19:00,20:30,19:00-20:30,"81 Meadowside, Dundee, DD1 1EN, Scotland",56.4643,-2.971335
Dundee City,Alcoholics Anonymous,Dundee No 3,Scheduled Activity,Peer Support,Group,All Ages,Sunday,11:00:00,12:30:00,"81 Meadowside, Dundee",DD1 1EN,Unknown,0800 917 7650 or 0131 225 2727 (24 hours),help@aamail.org,https://www.alcoholics-anonymous.org.uk/,Yes,Free,,"Alcoholics and those who think or know they have a problem with drinking, and family and friends of alcoholics",12 step Programme of recovery. See website for locations and times.,All meetings open (includes friends and family members). Doors open 10:00,Peer Support,11:00,12:30,11:00-12:30,"81 Meadowside, Dundee, DD1 1EN, Scotland",56.4643,-2.971335
Dundee City,Alcoholics Anonymous,Dundee No 3,Scheduled Activity,Peer Support,Group,Adults,Sunday,19:00:00,20:30:00,"81 Meadowside, Dundee",DD1 1EN,Unknown,0800 917 7650 or 0131 225 2727 (24 hours),help@aamail.org,https://www.alcoholics-anonymous.org.uk/,Yes,Free,,Alcoholics and those who think or know they have a problem with drinking,12 step Programme of recovery. See website for locations and times.,,Peer Support,19:00,20:30,19:00-20:30,"81 Meadowside, Dundee, DD1 1EN, Scotland",56.4643,-2.971335
Dundee City,SMART Recovery,Withyou And Crossreach,Scheduled Activity,Peer Support,Group,Adults,Monday,10:30:00,12:30:00,"The Signpost Centre, Lothian Crescent, Dundee",DD4 0HU,Lucille Conway & Liz Jones,07384 836092 or  01382 206888,Not listed,https://smartrecovery.org.uk/,Yes,Free,,Open to all,Mutual aid support - self-management and recovery training. Come along and support each other. 01382 206888 (dates on Recovery Map different to those on SMART Recovery website),This meeting is provided by WithYou and Crossreach,Peer Support,10:30,12:30,10:30-12:30,"The Signpost Centre, Lothian Crescent, Dundee, DD4 0HU, Scotland",56.489633,-2.918124
Dundee City,SMART Recovery,Just Bee Productions,Scheduled Activity,Peer Support,Group,Adults,Tuesday,13:00:00,14:30:00,"Just Bee Productions, St Paul's Church, 118 Nethergate, Dundee",DD1 4EH,Daniel Dutton,01382 206888,danieldutton@accesstoindustry.co.uk,https://smartrecovery.org.uk/,Yes,Free,,Open to all,Mutual aid support - self-management and recovery training. Come along and support each other. 01382 206888 (dates on Recovery Map different to those on SMART Recovery website),,Peer Support,13:00,14:30,13:00-14:30,"Just Bee Productions, St Paul's Church, 118 Nethergate, Dundee, DD1 4EH, Scotland",56.458385,-2.972881
Dundee City,SMART Recovery,We Are With You & Just Bee Productions,Scheduled Activity,Peer Support,Group,Adults,Wednesday,10:30:00,11:30:00,"Boots, 94 Albert Street, Dundee",DD4 6QH,Kevin Hamil and Daniel Dutton,07890 436578 (Kevin Hamil),kevin.hamil@wearewithyou.org.uk and danieldutton@accesstoindustry.co.uk,https://smartrecovery.org.uk/,Yes,Free,,Open to all,Mutual aid support - self-management and recovery training. Come along and support each other. 01382 206888 (dates on Recovery Map different to those on SMART Recovery website),,Peer Support,10:30,11:30,10:30-11:30,"Boots, 94 Albert Street, Dundee, DD4 6QH, Scotland",56.470132,-2.95791
Dundee City,SMART Recovery,Hillcrest Futures,Scheduled Activity,Peer Support,Group,Adults,Thursday,14:00:00,15:30:00,"Dundee Adult Drugs and Alcohol Service, 4 South Ward Road, Dundee",DD1 1PN,Paul,07917 585530,pprior@hillcrestfutures.org.uk,https://smartrecovery.org.uk/,Yes,Free,,Open to all,Mutual aid support - self-management and recovery training. Come along and support each other. 01382 206888 (dates on Recovery Map different to those on SMART Recovery website),,Peer Support,14:00,15:30,14:00-15:30,"Dundee Adult Drugs and Alcohol Service, 4 South Ward Road, Dundee, DD1 1PN, Scotland",56.461088,-2.974508
Dundee City,Andy's Man Club,Dundee East,Scheduled Activity,Peer Support,Group,Men,Monday,19:00:00,21:00:00,"Boomerang Centre, Kemback Street, Dundee",DD4 6ET,Unknown,Not listed,info@andysmanclub.co.uk,https://andysmanclub.co.uk/,Yes,Free,,Men Age 18+,"A peer support group for men over the age of 18, to help them through life by providing a self space. Help us challenge the stigmas of mental health in men and to promote suicide prevention.",,Peer Support,19:00,21:00,19:00-21:00,"Boomerang Centre, Kemback Street, Dundee, DD4 6ET, Scotland",56.469132,-2.95661
Dundee City,Andy's Man Club,Dundee North East,Scheduled Activity,Peer Support,Group,Men,Monday,19:00:00,21:00:00,"Mid Lin Day Centre, 59 Pitkerro Road, Dundee",DD4 8AT,Unknown,Not listed,info@andysmanclub.co.uk,https://andysmanclub.co.uk/,Yes,Free,,Men Age 18+,"A peer support group for men over the age of 18, to help them through life by providing a self space. Help us challenge the stigmas of mental health in men and to promote suicide prevention.",,Peer Support,19:00,21:00,19:00-21:00,"Mid Lin Day Centre, 59 Pitkerro Road, Dundee, DD4 8AT, Scotland",56.482098,-2.944089
Dundee City,Andy's Man Club,Dundee West,Scheduled Activity,Peer Support,Group,Men,Monday,19:00:00,21:00:00,"Menzieshill Community Centre, 260 Dickson Avenue, Dundee",DD2 4TQ,Unknown,Not listed,info@andysmanclub.co.uk,https://andysmanclub.co.uk/,Yes,Free,,Men Age 18+,"A peer support group for men over the age of 18, to help them through life by providing a self space. Help us challenge the stigmas of mental health in men and to promote suicide prevention.",,Peer Support,19:00,21:00,19:00-21:00,"Menzieshill Community Centre, 260 Dickson Avenue, Dundee, DD2 4TQ, Scotland",56.467944,-3.039464
Dundee City,Women's Wellbeing Club,,Scheduled Activity,Peer Support,Group,Women,Tuesday,18:30:00,20:30:00,"Dundee Women's Hub, 2 Dudhope Street, Dundee",DD1 1JU,Unknown,Not listed,info@womenswellbeingclub.co.uk,https://www.facebook.com/story.php/?story_fbid=297147733438518&id=100094298804767,Yes,Free,,Women Age 18+,"A peer support group for any woman aged 18+. We offer a safe, confidential space to talk, have a cuppa and get stuff off your mind.",,Peer Support,18:30,20:30,18:30-20:30,"Dundee Women's Hub, 2 Dudhope Street, Dundee, DD1 1JU, Scotland",56.464971,-2.975326
Dundee City,Dundee Recovery Network,,Scheduled Activity,Peer Support,Group,All Ages,Thursday,11:00:00,14:00:00,"Hilltown Community Centre, 15 Alexander Street, Dundee",DD3 7DL,Unknown,Not listed,Not listed,https://www.facebook.com/people/Dundee-Recovery-Network-at-Hilltown/61564819418208/#,Yes,Free,,Anyone in recovery,"We are a peer led drop-in for anyone in recovery. We have a recovery meeting in  the morning followed by lunch, and lastly an activity in the afternoon that changes each week. No referral needed, just turn up!",,Peer Support,11:00,14:00,11:00-14:00,"Hilltown Community Centre, 15 Alexander Street, Dundee, DD3 7DL, Scotland",56.468227,-2.971863
Dundee City,Gam-Anon,Dundee Meeting,Scheduled Activity,Family/Carer Support,Group,All Ages,Thursday,19:15:00,21:30:00,"St Peter & Paul's Church, Milton Street, Dundee",DD3 6QN,Unknown,03700 508881,Not listed,https://gamanonscotland.org/,Yes,Free,,Open to all frineds and family,If you are affected by someone else's gambling then Gam-Anon can help! Our meetings are for anyone who has been affected by a love ones gambling.,,Family/Carer Support,19:15,21:30,19:15-21:30,"St Peter & Paul's Church, Milton Street, Dundee, DD3 6QN, Scotland",56.473281,-2.981353
Dundee City,Al-Anon,Dundee Thursday,Scheduled Activity,Family/Carer Support,Group,Adults,Thursday,19:00:00,20:00:00,"Front Upper Hall (McCheyne Room) of The Link at Central Baptist Church, 6-8 Ward Road, Dundee",DD1 1LX,Unknown,0800 0086 811,Not listed,https://al-anonuk.org.uk/,Yes,Free,,Age 18+,"Family group provides support to anyone whose life is, or has been affected by someone else's drinking, regardless of whether the person is still drinkingg or not.",In-person and online meeting. https://al-anonuk.org.uk/groups/dundee-thursday/,Family/Carer Support,19:00,20:00,19:00-20:00,"Front Upper Hall (McCheyne Room) of The Link at Central Baptist Church, 6-8 Ward Road, Dundee, DD1 1LX, Scotland",56.461503,-2.975181
Dundee City,Women's Rape and Sexual Abuse Centre,Support & Enquiry Line,Open Access,Health And Wellbeing,One-To-One,Women,Monday,10:00:00,15:00:00,Dundee,DD1 1EP,Unknown,01382 201291,support@wrasac.org.uk,,Yes,Free,,Women and young people,"The centre supports women, children and young people affected by sexual abuse.","We provide free and confidential support to women and young people who have been raped, sexually assaulted, sexually exploited or sexually abused, no matter when this has happened in their lives.",Health and Wellbeing,10:00,15:00,10:00-15:00,"Dundee, DD1 1EP, Scotland",56.460594,-2.97019
Dundee City,Women's Rape and Sexual Abuse Centre,Support & Enquiry Line,Open Access,Health And Wellbeing,One-To-One,Women,Tuesday,10:00:00,15:00:00,Dundee,DD1 1EP,Unknown,01382 201291,support@wrasac.org.uk,,Yes,Free,,Women and young people,"The centre supports women, children and young people affected by sexual abuse.","We provide free and confidential support to women and young people who have been raped, sexually assaulted, sexually exploited or sexually abused, no matter when this has happened in their lives.",Health and Wellbeing,10:00,15:00,10:00-15:00,"Dundee, DD1 1EP, Scotland",56.460594,-2.97019
Dundee City,Women's Rape and Sexual Abuse Centre,Support & Enquiry Line,Open Access,Health And Wellbeing,One-To-One,Women,Wednesday,10:00:00,15:00:00,Dundee,DD1 1EP,Unknown,01382 201291,support@wrasac.org.uk,,Yes,Free,,Women and young people,"The centre supports women, children and young people affected by sexual abuse.","We provide free and confidential support to women and young people who have been raped, sexually assaulted, sexually exploited or sexually abused, no matter when this has happened in their lives.",Health and Wellbeing,10:00,15:00,10:00-15:00,"Dundee, DD1 1EP, Scotland",56.460594,-2.97019
Dundee City,Women's Rape and Sexual Abuse Centre,Support & Enquiry Line,Open Access,Health And Wellbeing,One-To-One,Women,Thursday,10:00:00,15:00:00,Dundee,DD1 1EP,Unknown,01382 201291,support@wrasac.org.uk,,Yes,Free,,Women and young people,"The centre supports women, children and young people affected by sexual abuse.","We provide free and confidential support to women and young people who have been raped, sexually assaulted, sexually exploited or sexually abused, no matter when this has happened in their lives.",Health and Wellbeing,10:00,15:00,10:00-15:00,"Dundee, DD1 1EP, Scotland",56.460594,-2.97019
Dundee City,Women's Rape and Sexual Abuse Centre,Support & Enquiry Line,Open Access,Health And Wellbeing,One-To-One,Women,Friday,10:00:00,15:00:00,Dundee,DD1 1EP,Unknown,01382 201291,support@wrasac.org.uk,,Yes,Free,,Women and young people,"The centre supports women, children and young people affected by sexual abuse.","We provide free and confidential support to women and young people who have been raped, sexually assaulted, sexually exploited or sexually abused, no matter when this has happened in their lives.",Health and Wellbeing,10:00,15:00,10:00-15:00,"Dundee, DD1 1EP, Scotland",56.460594,-2.97019
Dundee City,Dundee Women's Aid,Support Line,Open Access,Health And Wellbeing,One-To-One,Women,Monday,09:30:00,12:30:00,"47 Blinshall Street, Dundee",DD1 5DF,Unknown,01382 207099,info@dundeewomensaid.co.uk,https://dundeewomensaid.co.uk/index.php,Yes,Free,,Women and young people,"We support women, children and young people who have experienced domestic abuse and we offer refuge accommodation.","We provide a confidential, and non-judgemental service to women, young people and children who have experienced domestic abuse. The abuse may be from a partner, ex-partner or someone you are living with.",Health and Wellbeing,09:30,12:30,09:30-12:30,"47 Blinshall Street, Dundee, DD1 5DF, Scotland",56.462131,-2.981948
Dundee City,Dundee Women's Aid,Support Line,Open Access,Health And Wellbeing,One-To-One,Women,Monday,13:30:00,16:30:00,"47 Blinshall Street, Dundee",DD1 5DF,Unknown,01382 207099,info@dundeewomensaid.co.uk,https://dundeewomensaid.co.uk/index.php,Yes,Free,,Women and young people,"We support women, children and young people who have experienced domestic abuse and we offer refuge accommodation.","We provide a confidential, and non-judgemental service to women, young people and children who have experienced domestic abuse. The abuse may be from a partner, ex-partner or someone you are living with.",Health and Wellbeing,13:30,16:30,13:30-16:30,"47 Blinshall Street, Dundee, DD1 5DF, Scotland",56.462131,-2.981948
Dundee City,Dundee Women's Aid,Support Line,Open Access,Health And Wellbeing,One-To-One,Women,Tuesday,09:30:00,12:30:00,"47 Blinshall Street, Dundee",DD1 5DF,Unknown,01382 207099,info@dundeewomensaid.co.uk,https://dundeewomensaid.co.uk/index.php,Yes,Free,,Women and young people,"We support women, children and young people who have experienced domestic abuse and we offer refuge accommodation.","We provide a confidential, and non-judgemental service to women, young people and children who have experienced domestic abuse. The abuse may be from a partner, ex-partner or someone you are living with.",Health and Wellbeing,09:30,12:30,09:30-12:30,"47 Blinshall Street, Dundee, DD1 5DF, Scotland",56.462131,-2.981948
Dundee City,Dundee Women's Aid,Support Line,Open Access,Health And Wellbeing,One-To-One,Women,Tuesday,13:30:00,16:30:00,"47 Blinshall Street, Dundee",DD1 5DF,Unknown,01382 207099,info@dundeewomensaid.co.uk,https://dundeewomensaid.co.uk/index.php,Yes,Free,,Women and young people,"We support women, children and young people who have experienced domestic abuse and we offer refuge accommodation.","We provide a confidential, and non-judgemental service to women, young people and children who have experienced domestic abuse. The abuse may be from a partner, ex-partner or someone you are living with.",Health and Wellbeing,13:30,16:30,13:30-16:30,"47 Blinshall Street, Dundee, DD1 5DF, Scotland",56.462131,-2.981948
Dundee City,Dundee Women's Aid,Support Line,Open Access,Health And Wellbeing,One-To-One,Women,Wednesday,09:30:00,12:30:00,"47 Blinshall Street, Dundee",DD1 5DF,Unknown,01382 207099,info@dundeewomensaid.co.uk,https://dundeewomensaid.co.uk/index.php,Yes,Free,,Women and young people,"We support women, children and young people who have experienced domestic abuse and we offer refuge accommodation.","We provide a confidential, and non-judgemental service to women, young people and children who have experienced domestic abuse. The abuse may be from a partner, ex-partner or someone you are living with.",Health and Wellbeing,09:30,12:30,09:30-12:30,"47 Blinshall Street, Dundee, DD1 5DF, Scotland",56.462131,-2.981948
Dundee City,Dundee Women's Aid,Support Line,Open Access,Health And Wellbeing,One-To-One,Women,Wednesday,13:30:00,16:30:00,"47 Blinshall Street, Dundee",DD1 5DF,Unknown,01382 207099,info@dundeewomensaid.co.uk,https://dundeewomensaid.co.uk/index.php,Yes,Free,,Women and young people,"We support women, children and young people who have experienced domestic abuse and we offer refuge accommodation.","We provide a confidential, and non-judgemental service to women, young people and children who have experienced domestic abuse. The abuse may be from a partner, ex-partner or someone you are living with.",Health and Wellbeing,13:30,16:30,13:30-16:30,"47 Blinshall Street, Dundee, DD1 5DF, Scotland",56.462131,-2.981948
Dundee City,Dundee Women's Aid,Support Line,Open Access,Health And Wellbeing,One-To-One,Women,Thursday,09:30:00,12:30:00,"47 Blinshall Street, Dundee",DD1 5DF,Unknown,01382 207099,info@dundeewomensaid.co.uk,https://dundeewomensaid.co.uk/index.php,Yes,Free,,Women and young people,"We support women, children and young people who have experienced domestic abuse and we offer refuge accommodation.","We provide a confidential, and non-judgemental service to women, young people and children who have experienced domestic abuse. The abuse may be from a partner, ex-partner or someone you are living with.",Health and Wellbeing,09:30,12:30,09:30-12:30,"47 Blinshall Street, Dundee, DD1 5DF, Scotland",56.462131,-2.981948
Dundee City,Tayside Sexual & Reproductive Health Service,Appointment Line/Triage Team,Open Access,Health And Wellbeing,One-To-One,All Ages,Monday,09:00:00,12:00:00,"Level 7, South Block, Ninewells Hospital, Dundee",DD1 9SY,Unknown,01382 425542,Not listed,https://www.sexualhealthtayside.org/index.php,Yes,Free,,Open to all in Tayside,A strictly confidential and friendly service working to meet sexual and reproductive health needs of anyone who lives in Tayside.,,Health and Wellbeing,09:00,12:00,09:00-12:00,"Level 7, South Block, Ninewells Hospital, Dundee, DD1 9SY, Scotland",56.463711,-3.039315
Dundee City,Tayside Sexual & Reproductive Health Service,Appointment Line/Triage Team,Open Access,Health And Wellbeing,One-To-One,All Ages,Tuesday,09:00:00,12:00:00,"Level 7, South Block, Ninewells Hospital, Dundee",DD1 9SY,Unknown,01382 425542,Not listed,https://www.sexualhealthtayside.org/index.php,Yes,Free,,Open to all in Tayside,A strictly confidential and friendly service working to meet sexual and reproductive health needs of anyone who lives in Tayside.,,Health and Wellbeing,09:00,12:00,09:00-12:00,"Level 7, South Block, Ninewells Hospital, Dundee, DD1 9SY, Scotland",56.463711,-3.039315
Dundee City,Tayside Sexual & Reproductive Health Service,Appointment Line/Triage Team,Open Access,Health And Wellbeing,One-To-One,All Ages,Wednesday,09:00:00,12:00:00,"Level 7, South Block, Ninewells Hospital, Dundee",DD1 9SY,Unknown,01382 425542,Not listed,https://www.sexualhealthtayside.org/index.php,Yes,Free,,Open to all in Tayside,A strictly confidential and friendly service working to meet sexual and reproductive health needs of anyone who lives in Tayside.,,Health and Wellbeing,09:00,12:00,09:00-12:00,"Level 7, South Block, Ninewells Hospital, Dundee, DD1 9SY, Scotland",56.463711,-3.039315
Dundee City,Tayside Sexual & Reproductive Health Service,Appointment Line/Triage Team,Open Access,Health And Wellbeing,One-To-One,All Ages,Thursday,09:00:00,12:00:00,"Level 7, South Block, Ninewells Hospital, Dundee",DD1 9SY,Unknown,01382 425542,Not listed,https://www.sexualhealthtayside.org/index.php,Yes,Free,,Open to all in Tayside,A strictly confidential and friendly service working to meet sexual and reproductive health needs of anyone who lives in Tayside.,,Health and Wellbeing,09:00,12:00,09:00-12:00,"Level 7, South Block, Ninewells Hospital, Dundee, DD1 9SY, Scotland",56.463711,-3.039315
Dundee City,Tayside Sexual & Reproductive Health Service,Appointment Line/Triage Team,Open Access,Health And Wellbeing,One-To-One,All Ages,Friday,09:00:00,12:00:00,"Level 7, South Block, Ninewells Hospital, Dundee",DD1 9SY,Unknown,01382 425542,Not listed,https://www.sexualhealthtayside.org/index.php,Yes,Free,,Open to all in Tayside,A strictly confidential and friendly service working to meet sexual and reproductive health needs of anyone who lives in Tayside.,,Health and Wellbeing,09:00,12:00,09:00-12:00,"Level 7, South Block, Ninewells Hospital, Dundee, DD1 9SY, Scotland",56.463711,-3.039315
Dundee City,The Corner,Drop-In,Open Access,Health And Wellbeing,One-To-One,Young People,Monday,13:00:00,18:00:00,"13 Shore Terrace, Dundee",DD1 3PD,Unknown,01382 206060,tay.office.corner@nhs.scot,https://www.thecorner.co.uk/,Yes,Free,,Age 11-19 (25 if vulnerable),"Confidential Health and Wellbeing Service for young people aged 11-19 (25 if vulnerable) and offers a wide range of services including sexual health, emotional health , counselling and crisis support.",,Health and Wellbeing,13:00,18:00,13:00-18:00,"13 Shore Terrace, Dundee, DD1 3PD, Scotland",56.45982,-2.968286
Dundee City,The Corner,Drop-In,Open Access,Health And Wellbeing,One-To-One,Young People,Tuesday,13:00:00,18:00:00,"13 Shore Terrace, Dundee",DD1 3PD,Unknown,01382 206060,tay.office.corner@nhs.scot,https://www.thecorner.co.uk/,Yes,Free,,Age 11-19 (25 if vulnerable),"Confidential Health and Wellbeing Service for young people aged 11-19 (25 if vulnerable) and offers a wide range of services including sexual health, emotional health , counselling and crisis support.",,Health and Wellbeing,13:00,18:00,13:00-18:00,"13 Shore Terrace, Dundee, DD1 3PD, Scotland",56.45982,-2.968286
Dundee City,The Corner,Drop-In,Open Access,Health And Wellbeing,One-To-One,Young People,Wednesday,13:00:00,18:00:00,"13 Shore Terrace, Dundee",DD1 3PD,Unknown,01382 206060,tay.office.corner@nhs.scot,https://www.thecorner.co.uk/,Yes,Free,,Age 11-19 (25 if vulnerable),"Confidential Health and Wellbeing Service for young people aged 11-19 (25 if vulnerable) and offers a wide range of services including sexual health, emotional health , counselling and crisis support.",,Health and Wellbeing,13:00,18:00,13:00-18:00,"13 Shore Terrace, Dundee, DD1 3PD, Scotland",56.45982,-2.968286
Dundee City,The Corner,Drop-In,Open Access,Health And Wellbeing,One-To-One,Young People,Thursday,13:00:00,18:00:00,"13 Shore Terrace, Dundee",DD1 3PD,Unknown,01382 206060,tay.office.corner@nhs.scot,https://www.thecorner.co.uk/,Yes,Free,,Age 11-19 (25 if vulnerable),"Confidential Health and Wellbeing Service for young people aged 11-19 (25 if vulnerable) and offers a wide range of services including sexual health, emotional health , counselling and crisis support.",,Health and Wellbeing,13:00,18:00,13:00-18:00,"13 Shore Terrace, Dundee, DD1 3PD, Scotland",56.45982,-2.968286
Dundee City,The Corner,Drop-In,Open Access,Health And Wellbeing,One-To-One,Young People,Friday,13:00:00,18:00:00,"13 Shore Terrace, Dundee",DD1 3PD,Unknown,01382 206060,tay.office.corner@nhs.scot,https://www.thecorner.co.uk/,Yes,Free,,Age 11-19 (25 if vulnerable),"Confidential Health and Wellbeing Service for young people aged 11-19 (25 if vulnerable) and offers a wide range of services including sexual health, emotional health , counselling and crisis support.",,Health and Wellbeing,13:00,18:00,13:00-18:00,"13 Shore Terrace, Dundee, DD1 3PD, Scotland",56.45982,-2.968286
Dundee City,Victim Support Scotland,Dundee Office,Open Access,Health And Wellbeing,One-To-One,All Ages,Monday,09:00:00,17:00:00,"Quadrant House, 9 Riverside Drive, Dundee",DD1 4NY,Unknown,01382 238720,VictimSupport.NorthEast@victimsupportsco.org.uk,https://victimsupport.scot/,Yes,Free,,Open to all,Providing free and confidential emotional and practical support for victims and witnesses of crime.,"Support at our office includes: Assistance after a crime, Help with Victim Impact Statements, court attendance information for victims and witnesses",Health and Wellbeing,09:00,17:00,09:00-17:00,"Quadrant House, 9 Riverside Drive, Dundee, DD1 4NY, Scotland",56.45493,-2.97285
Dundee City,Victim Support Scotland,Dundee Office,Open Access,Health And Wellbeing,One-To-One,All Ages,Tuesday,09:00:00,17:00:00,"Quadrant House, 9 Riverside Drive, Dundee",DD1 4NY,Unknown,01382 238720,VictimSupport.NorthEast@victimsupportsco.org.uk,https://victimsupport.scot/,Yes,Free,,Open to all,Providing free and confidential emotional and practical support for victims and witnesses of crime.,"Support at our office includes: Assistance after a crime, Help with Victim Impact Statements, court attendance information for victims and witnesses",Health and Wellbeing,09:00,17:00,09:00-17:00,"Quadrant House, 9 Riverside Drive, Dundee, DD1 4NY, Scotland",56.45493,-2.97285
Dundee City,Victim Support Scotland,Dundee Office,Open Access,Health And Wellbeing,One-To-One,All Ages,Wednesday,09:00:00,17:00:00,"Quadrant House, 9 Riverside Drive, Dundee",DD1 4NY,Unknown,01382 238720,VictimSupport.NorthEast@victimsupportsco.org.uk,https://victimsupport.scot/,Yes,Free,,Open to all,Providing free and confidential emotional and practical support for victims and witnesses of crime.,"Support at our office includes: Assistance after a crime, Help with Victim Impact Statements, court attendance information for victims and witnesses",Health and Wellbeing,09:00,17:00,09:00-17:00,"Quadrant House, 9 Riverside Drive, Dundee, DD1 4NY, Scotland",56.45493,-2.97285
Dundee City,Victim Support Scotland,Dundee Office,Open Access,Health And Wellbeing,One-To-One,All Ages,Thursday,09:00:00,17:00:00,"Quadrant House, 9 Riverside Drive, Dundee",DD1 4NY,Unknown,01382 238720,VictimSupport.NorthEast@victimsupportsco.org.uk,https://victimsupport.scot/,Yes,Free,,Open to all,Providing free and confidential emotional and practical support for victims and witnesses of crime.,"Support at our office includes: Assistance after a crime, Help with Victim Impact Statements, court attendance information for victims and witnesses",Health and Wellbeing,09:00,17:00,09:00-17:00,"Quadrant House, 9 Riverside Drive, Dundee, DD1 4NY, Scotland",56.45493,-2.97285
Dundee City,Victim Support Scotland,Dundee Office,Open Access,Health And Wellbeing,One-To-One,All Ages,Friday,09:00:00,17:00:00,"Quadrant House, 9 Riverside Drive, Dundee",DD1 4NY,Unknown,01382 238720,VictimSupport.NorthEast@victimsupportsco.org.uk,https://victimsupport.scot/,Yes,Free,,Open to all,Providing free and confidential emotional and practical support for victims and witnesses of crime.,"Support at our office includes: Assistance after a crime, Help with Victim Impact Statements, court attendance information for victims and witnesses",Health and Wellbeing,09:00,17:00,09:00-17:00,"Quadrant House, 9 Riverside Drive, Dundee, DD1 4NY, Scotland",56.45493,-2.97285
Dundee City,The Listening Post,,Open Access,Health And Wellbeing,One-To-One,All Ages,Monday,10:00:00,14:00:00,"Level 2, Wellgate Shopping Centre, Victoria Road, Dundee",DD1 2DB,Geoff,Not listed,Not listed,https://www.facebook.com/WellgateShopping/posts/the-listening-post-has-moved-pop-in-for-a-chat-with-geoff-and-the-team-on-level-/798768062253745/,Yes,Free,,Open to all,"A listening service for anyone to access, drop in for a cuppa and a chat. No referral needed.","Has moved to level 2, next to Home Bargains (Wellgate Shopping Centre FB post 2023)",Health and Wellbeing,10:00,14:00,10:00-14:00,"Level 2, Wellgate Shopping Centre, Victoria Road, Dundee, DD1 2DB, Scotland",56.46434,-2.969269
Dundee City,The Listening Post,,Open Access,Health And Wellbeing,One-To-One,All Ages,Tuesday,10:00:00,14:00:00,"Level 2, Wellgate Shopping Centre, Victoria Road, Dundee",DD1 2DB,Geoff,Not listed,Not listed,https://www.facebook.com/WellgateShopping/posts/the-listening-post-has-moved-pop-in-for-a-chat-with-geoff-and-the-team-on-level-/798768062253745/,Yes,Free,,Open to all,"A listening service for anyone to access, drop in for a cuppa and a chat. No referral needed.","Has moved to level 2, next to Home Bargains (Wellgate Shopping Centre FB post 2023)",Health and Wellbeing,10:00,14:00,10:00-14:00,"Level 2, Wellgate Shopping Centre, Victoria Road, Dundee, DD1 2DB, Scotland",56.46434,-2.969269
Dundee City,The Listening Post,,Open Access,Health And Wellbeing,One-To-One,All Ages,Wednesday,10:00:00,14:00:00,"Level 2, Wellgate Shopping Centre, Victoria Road, Dundee",DD1 2DB,Geoff,Not listed,Not listed,https://www.facebook.com/WellgateShopping/posts/the-listening-post-has-moved-pop-in-for-a-chat-with-geoff-and-the-team-on-level-/798768062253745/,Yes,Free,,Open to all,"A listening service for anyone to access, drop in for a cuppa and a chat. No referral needed.","Has moved to level 2, next to Home Bargains (Wellgate Shopping Centre FB post 2023)",Health and Wellbeing,10:00,14:00,10:00-14:00,"Level 2, Wellgate Shopping Centre, Victoria Road, Dundee, DD1 2DB, Scotland",56.46434,-2.969269
Dundee City,The Listening Post,,Open Access,Health Condition,One-To-One,All Ages,Thursday,10:00:00,14:00:00,"Level 2, Wellgate Shopping Centre, Victoria Road, Dundee",DD1 2DB,Geoff,Not listed,Not listed,https://www.facebook.com/WellgateShopping/posts/the-listening-post-has-moved-pop-in-for-a-chat-with-geoff-and-the-team-on-level-/798768062253745/,Yes,Free,,Open to all,"A listening service for anyone to access, drop in for a cuppa and a chat. No referral needed.","Has moved to level 2, next to Home Bargains (Wellgate Shopping Centre FB post 2023)",Health and Wellbeing,10:00,14:00,10:00-14:00,"Level 2, Wellgate Shopping Centre, Victoria Road, Dundee, DD1 2DB, Scotland",56.46434,-2.969269
Dundee City,The Listening Post,,Open Access,Health Condition,One-To-One,All Ages,Friday,10:00:00,14:00:00,"Level 2, Wellgate Shopping Centre, Victoria Road, Dundee",DD1 2DB,Geoff,Not listed,Not listed,https://www.facebook.com/WellgateShopping/posts/the-listening-post-has-moved-pop-in-for-a-chat-with-geoff-and-the-team-on-level-/798768062253745/,Yes,Free,,Open to all,"A listening service for anyone to access, drop in for a cuppa and a chat. No referral needed.","Has moved to level 2, next to Home Bargains (Wellgate Shopping Centre FB post 2023)",Health and Wellbeing,10:00,14:00,10:00-14:00,"Level 2, Wellgate Shopping Centre, Victoria Road, Dundee, DD1 2DB, Scotland",56.46434,-2.969269
Dundee City,CanDu (Cancer Dunde),Drop-In,Open Access,Health Condition,One-To-One,All Ages,Thursday,10:00:00,14:00:00,"Level 2, Wellgate Shopping Centre, Victoria Road, Dundee",DD1 2DB,Unknown,01382 525395,info@cancerdundee.org,https://www.cancerdundee.org/compassionate-spaces,Yes,Free,,People affected by cancer,Not on Recovery Map,It is a CANDU priority that people affected by cancer in Dundee are able to access services which are holistic and supportive and can help them live their best life with a cancer diagnosis.,Health and Wellbeing,10:00,14:00,10:00-14:00,"Level 2, Wellgate Shopping Centre, Victoria Road, Dundee, DD1 2DB, Scotland",56.46434,-2.969269
Dundee City,CanDu (Cancer Dunde),Drop-In,Open Access,Health Condition,One-To-One,All Ages,Tuesday,10:00:00,14:00:00,"31 South Tay Street, Dundee",DD1 1NP,Unknown,01382 525395,info@cancerdundee.org,https://www.cancerdundee.org/compassionate-spaces,Yes,Free,,People affected by cancer,Not on Recovery Map,Pop in for a cuppa and a chat with one of our outreach team.  All of our team have had their own cancer experience and would love to meet you to see how CANDU can help.,Health and Wellbeing,10:00,14:00,10:00-14:00,"31 South Tay Street, Dundee, DD1 1NP, Scotland",56.458878,-2.976923
Dundee City,CanDu (Cancer Dunde),Drop-In,Open Access,Health Condition,One-To-One,All Ages,Wednesday,10:00:00,14:00:00,"31 South Tay Street, Dundee",DD1 1NP,Unknown,01382 525395,info@cancerdundee.org,https://www.cancerdundee.org/compassionate-spaces,Yes,Free,,People affected by cancer,Not on Recovery Map,Pop in for a cuppa and a chat with one of our outreach team.  All of our team have had their own cancer experience and would love to meet you to see how CANDU can help.,Health and Wellbeing,10:00,14:00,10:00-14:00,"31 South Tay Street, Dundee, DD1 1NP, Scotland",56.458878,-2.976923
Dundee City,CanDu (Cancer Dunde),Drop-In,Open Access,Health Condition,One-To-One,All Ages,Friday,10:00:00,14:00:00,"31 South Tay Street, Dundee",DD1 1NP,Unknown,01382 525395,info@cancerdundee.org,https://www.cancerdundee.org/compassionate-spaces,Yes,Free,,People affected by cancer,Not on Recovery Map,Pop in for a cuppa and a chat with one of our outreach team.  All of our team have had their own cancer experience and would love to meet you to see how CANDU can help.,Health and Wellbeing,10:00,14:00,10:00-14:00,"31 South Tay Street, Dundee, DD1 1NP, Scotland",56.458878,-2.976923
Dundee City,NHS Tayside Department of Spiritual Care,Community Listening Service,By Appointment,Health And Wellbeing,One-To-One,Adults,Monday,09:00:00,17:00:00,"Department of Spiritual Care, Wellbeing Centre, East Lodge, Royal Victoria Hospital, Dundee",DD2 1SP,Unknown,01382 423116 or 0796 7771941,tay.listening@nhs.scot,https://www.nhstayside.scot.nhs.uk/GoingToHospital/PROD_296597/index.htm,Unknown,Free,,"Age 16+ registered with a GP in Tayside, who is not currently in hospital, struggling with any challenging life situation","People can discover their strength and find hope when they share what's on their mind. 50-minute confidential appointments, NHS trained experienced listeners. For anyone going through a difficult life situation. In most GP practices.",,Health and Wellbeing,09:00,17:00,09:00-17:00,"Department of Spiritual Care, Wellbeing Centre, East Lodge, Royal Victoria Hospital, Dundee, DD2 1SP, Scotland",56.462683,-3.014128
Dundee City,NHS Tayside Department of Spiritual Care,Community Listening Service,By Appointment,Health And Wellbeing,One-To-One,Adults,Tuesday,09:00:00,17:00:00,"Department of Spiritual Care, Wellbeing Centre, East Lodge, Royal Victoria Hospital, Dundee",DD2 1SP,Unknown,01382 423116 or 0796 7771941,tay.listening@nhs.scot,https://www.nhstayside.scot.nhs.uk/GoingToHospital/PROD_296597/index.htm,Unknown,Free,,"Age 16+ registered with a GP in Tayside, who is not currently in hospital, struggling with any challenging life situation","People can discover their strength and find hope when they share what's on their mind. 50-minute confidential appointments, NHS trained experienced listeners. For anyone going through a difficult life situation. In most GP practices.",,Health and Wellbeing,09:00,17:00,09:00-17:00,"Department of Spiritual Care, Wellbeing Centre, East Lodge, Royal Victoria Hospital, Dundee, DD2 1SP, Scotland",56.462683,-3.014128
Dundee City,NHS Tayside Department of Spiritual Care,Community Listening Service,By Appointment,Health And Wellbeing,One-To-One,Adults,Wednesday,09:00:00,17:00:00,"Department of Spiritual Care, Wellbeing Centre, East Lodge, Royal Victoria Hospital, Dundee",DD2 1SP,Unknown,01382 423116 or 0796 7771941,tay.listening@nhs.scot,https://www.nhstayside.scot.nhs.uk/GoingToHospital/PROD_296597/index.htm,Unknown,Free,,"Age 16+ registered with a GP in Tayside, who is not currently in hospital, struggling with any challenging life situation","People can discover their strength and find hope when they share what's on their mind. 50-minute confidential appointments, NHS trained experienced listeners. For anyone going through a difficult life situation. In most GP practices.",,Health and Wellbeing,09:00,17:00,09:00-17:00,"Department of Spiritual Care, Wellbeing Centre, East Lodge, Royal Victoria Hospital, Dundee, DD2 1SP, Scotland",56.462683,-3.014128
Dundee City,NHS Tayside Department of Spiritual Care,Community Listening Service,By Appointment,Health And Wellbeing,One-To-One,Adults,Thursday,09:00:00,17:00:00,"Department of Spiritual Care, Wellbeing Centre, East Lodge, Royal Victoria Hospital, Dundee",DD2 1SP,Unknown,01382 423116 or 0796 7771941,tay.listening@nhs.scot,https://www.nhstayside.scot.nhs.uk/GoingToHospital/PROD_296597/index.htm,Unknown,Free,,"Age 16+ registered with a GP in Tayside, who is not currently in hospital, struggling with any challenging life situation","People can discover their strength and find hope when they share what's on their mind. 50-minute confidential appointments, NHS trained experienced listeners. For anyone going through a difficult life situation. In most GP practices.",,Health and Wellbeing,09:00,17:00,09:00-17:00,"Department of Spiritual Care, Wellbeing Centre, East Lodge, Royal Victoria Hospital, Dundee, DD2 1SP, Scotland",56.462683,-3.014128
Dundee City,NHS Tayside Department of Spiritual Care,Community Listening Service,By Appointment,Health And Wellbeing,One-To-One,Adults,Friday,09:00:00,17:00:00,"Department of Spiritual Care, Wellbeing Centre, East Lodge, Royal Victoria Hospital, Dundee",DD2 1SP,Unknown,01382 423116 or 0796 7771941,tay.listening@nhs.scot,https://www.nhstayside.scot.nhs.uk/GoingToHospital/PROD_296597/index.htm,Unknown,Free,,"Age 16+ registered with a GP in Tayside, who is not currently in hospital, struggling with any challenging life situation","People can discover their strength and find hope when they share what's on their mind. 50-minute confidential appointments, NHS trained experienced listeners. For anyone going through a difficult life situation. In most GP practices.",,Health and Wellbeing,09:00,17:00,09:00-17:00,"Department of Spiritual Care, Wellbeing Centre, East Lodge, Royal Victoria Hospital, Dundee, DD2 1SP, Scotland",56.462683,-3.014128
Dundee City,Health Inclusion Nursing Team,Outreach Nurses,By Appointment,Health And Wellbeing,Mixed,All Ages,Unknown,Unknown,Unknown,"Room 1015, Kings Cross, Clepington Road, Dundee",DD3 8EA,Unknown,01382 424052,Not listed,https://www.nhstayside.scot.nhs.uk/OurServicesA-Z/HealthInclusionNursingTeam/index.htm,Unknown,Free,,People in Dundee,"Outreach Nurses who offer community based Holistic Health and Wellbeing Checks and Health Consultations to those affected by substance use, homelessness, mental health and wellbeing issues, carers, offenders and prison leavers",,Health and Wellbeing,,,Unknown,"Room 1015, Kings Cross, Clepington Road, Dundee, DD3 8EA, Scotland",56.477428,-2.987497
Dundee City,Homeless Health Outreach Team,Outreach Nurses,By Appointment,Health And Wellbeing,Mixed,All Ages,Unknown,Unknown,Unknown,"Wallacetown Health Centre, Lyon Street, Dundee",DD4 6RB,Unknown,01382 443523,Not listed,https://www.nhstayside.scot.nhs.uk/OurServicesA-Z/HealthInclusionNursingTeam/index.htm,Unknown,Free,,People in Dundee who are homeless or at risk of homelessness,"Outreach Nurses who offer community based Holistic Health and Wellbeing Checks and Health Consultations to those affected by substance use, homelessness, mental health and wellbeing issues, carers, offenders and prison leavers",,Health and Wellbeing,,,Unknown,"Wallacetown Health Centre, Lyon Street, Dundee, DD4 6RB, Scotland",56.468227,-2.959603
Dundee City,Jericho House,,By Appointment,Rehab Information,Mixed,Men,Unknown,Unknown,Unknown,"36 Artillery Lane, Dundee",DD1 4JS,Unknown,01382 223627,dundee@jerichosociety.org.uk,https://www.jerichosociety.org.uk/dundee,Yes,Unknown,,Men Age 16+ resident anywhere in Scotland,Our purpose is to help people towards recovery from addictive drinking using an abstinence base recovery programme which is 12 steps. This is within a residential setting.,"Jericho House, Dundee is a residential rehabilitation House. It is comprised of individual flats, where men can come and stay for 6 months - 1 year in order to address their substance misuse and trauma. Referrals are made by a variety of agencies, and self-referral is also possible. Applicants can be resident anywhere in Scotland.",Rehab Information,,,Unknown,"36 Artillery Lane, Dundee, DD1 4JS, Scotland",56.458489,-2.977492
Dundee City,Bus Stop Ministry,,Unknown,Rehab Information,One-To-One,Adults,Unknown,Unknown,Unknown,"Gate Church, 158 Perth Road, Dundee",DD1 4JS,Unknown,07895 218262,fiamma-dobson@hotmail.co.uk,https://www.facebook.com/busstopdundee,Yes,Unknown,,Men & women with addictions,We provide support and applications for addicts who choose to access Residential Christian Rehabs.,Christian Ministry Outreach to men and women caught in addictions.,Rehab Information,,,Unknown,"Gate Church, 158 Perth Road, Dundee, DD1 4JS, Scotland",56.456038,-2.985398
Dundee City,Full Gospel Church,Rehab Placement,By Appointment,Rehab Information,One-To-One,Adults,Unknown,Unknown,Unknown,"Full Gospel Church, 58 Constitution Street, Dundee",DD3 6NE,Unknown,01382 762841,dundeefullgospel@gmail.com,https://fullgospelchurch.weebly.com/rehab-placementsmeetings.html,Unknown,Unknown,,,"We offered advice and counsel, with the potential to place them in either Teen Challenge's men's rehab, Sunnybae, near Fyvie, or women's rehab, Benaiah, near Mintlaw.",,Rehab Information,,,Unknown,"Full Gospel Church, 58 Constitution Street, Dundee, DD3 6NE, Scotland",56.467299,-2.97708
Dundee City,NHS Tayside,Mobile Dental Unit,Open Access,Health And Wellbeing,One-To-One,All Ages,Monday,10:30:00,15:00:00,"The Steeple Church, Nethergate, Dundee",DD1 4DG,Unknown,07966 134631 or 01328 596990,Not listed,https://www.facebook.com/people/Mobile-Dental-Unit-NHS-Tayside/100084128074600/,Yes,Free,,Open to all,"We provide a wide range of dental treatment, this includes emergency dental care. You can attend for toothache, check ups, mouth screening, dentures/false teeth, oral health and diet advice.",,Health and Wellbeing,10:30,15:00,10:30-15:00,"The Steeple Church, Nethergate, Dundee, DD1 4DG, Scotland",56.459469,-2.972778
Dundee City,NHS Tayside,Mobile Dental Unit,Open Access,Health And Wellbeing,One-To-One,All Ages,Thursday,10:30:00,15:00:00,"The Steeple Church, Nethergate, Dundee",DD1 4DG,Unknown,07967 134631 or 01328 596990,Not listed,https://www.facebook.com/people/Mobile-Dental-Unit-NHS-Tayside/100084128074600/,Yes,Free,,Open to all,"We provide a wide range of dental treatment, this includes emergency dental care. You can attend for toothache, check ups, mouth screening, dentures/false teeth, oral health and diet advice.",,Health and Wellbeing,10:30,15:00,10:30-15:00,"The Steeple Church, Nethergate, Dundee, DD1 4DG, Scotland",56.459469,-2.972778
Dundee City,Community Health Team Dundee,,Open Access,Health And Wellbeing,One-To-One,Unknown,Unknown,Unknown,Unknown,"1 Shore Terrace, Dundee",DD1 3AH,Kim Meek,01382 435854 or 07798653974 (Kim),Not listed,https://www.dundeehealth.co.uk/,Unknown,Free,,Open to all,"We support people in Dundee to look after their physical and mental health and wellbeing by providing a range of opportunities to build knowledge, skills and confidence in a range of health-related topics.",,Health and Wellbeing,,,Unknown,"1 Shore Terrace, Dundee, DD1 3AH, Scotland",56.45982,-2.968286
Dundee City,Community Health Team Dundee,Smart Bites Cooking Group,Scheduled Activity,Activity Based,Group,Unknown,Monday,11:30:00,13:30:00,"Menzieshill Community Centre, 260 Dickson Avenue, Dundee",DD2 4TQ,Clare Martin,01382 435854 or 07435189233 (Clare),clare.martin@dundeecity.gov.uk,https://www.dundeehealth.co.uk/whats,Unknown,Unknown,,Closed group,Not on Recovery Map,Weekly cooking group. Closed group - for more info contact Clare.,Activity Based,11:30,13:30,11:30-13:30,"Menzieshill Community Centre, 260 Dickson Avenue, Dundee, DD2 4TQ, Scotland",56.467944,-3.039464
Dundee City,Community Health Team Dundee,Menzieshill Walk And Talk,Scheduled Activity,Activity Based,Group,Unknown,Tuesday,10:00:00,12:00:00,"Menzieshill Community Centre, 260 Dickson Avenue, Dundee",DD2 4TQ,Clare Martin,01382 435854 or 07435189233 (Clare),clare.martin@dundeecity.gov.uk,https://www.dundeehealth.co.uk/whats,Unknown,Unknown,,Open to all abilities,Not on Recovery Map,Weekly walking group . All abilities welcome,Activity Based,10:00,12:00,10:00-12:00,"Menzieshill Community Centre, 260 Dickson Avenue, Dundee, DD2 4TQ, Scotland",56.467944,-3.039464
Dundee City,Community Health Team Dundee,Family Club,Scheduled Activity,Activity Based,Group,All Ages,Thursday,15:15:00,17:30:00,"Menzieshill Community Centre, 260 Dickson Avenue, Dundee",DD2 4TQ,Rebekah Muir,01382 435854 or 07810647522 (Rebekah),clare.martin@dundeecity.gov.uk,https://www.dundeehealth.co.uk/whats,Unknown,Free,,,Not on Recovery Map,Free family activities for those living within the Lochee ward. Contact Rebekah 07810647522,Activity Based,15:15,17:30,15:15-17:30,"Menzieshill Community Centre, 260 Dickson Avenue, Dundee, DD2 4TQ, Scotland",56.467944,-3.039464
Dundee City,Community Health Team Dundee,Wmen'S Group,Scheduled Activity,Health And Wellbeing,Group,Women,Monday,13:30:00,15:00:00,"Ardler Community Centre, Turnberry Avenue, Dundee",DD2 3TP,Ria Rooney,01382 435854 or 07584889448 (Ria),ria.rooney@dundeecity.gov.uk,https://www.dundeehealth.co.uk/whats,Yes,Free,,Women,Not on Recovery Map,Free group. All welcome.,Health and Wellbeing,13:30,15:00,13:30-15:00,"Ardler Community Centre, Turnberry Avenue, Dundee, DD2 3TP, Scotland",56.488118,-3.014678
Dundee City,Community Health Team Dundee,Wm2U Family Group,Scheduled Activity,Activity Based,Group,All Ages,Monday,15:30:00,17:00:00,"The Attic, 4 Beauly Avenue, Kirkton, Dundee",DD3 0DP,Ria Rooney,01382 435854 or 07584889448 (Ria),ria.rooney@dundeecity.gov.uk,https://www.dundeehealth.co.uk/whats,Yes,Free,,Open to all,Not on Recovery Map,"Free family group , all welcome.",Activity Based,15:30,17:00,15:30-17:00,"The Attic, 4 Beauly Avenue, Kirkton, Dundee, DD3 0DP, Scotland",56.489517,-2.979601
Dundee City,Community Health Team Dundee,Family Cooking Group,Scheduled Activity,Activity Based,Group,Unknown,Tuesday,10:30:00,12:30:00,"St Mary's Community Centre,St Kilda Road, Dundee",DD3 9NH,Ria Rooney,01382 435854 or 07584889448 (Ria),ria.rooney@dundeecity.gov.uk,https://www.dundeehealth.co.uk/whats,Unknown,Unknown,,Closed group,Not on Recovery Map,Closed group- for more information contact Ria on 07584889448,Activity Based,10:30,12:30,10:30-12:30,"St Mary's Community Centre,St Kilda Road, Dundee, DD3 9NH, Scotland",56.493868,-3.017043
Dundee City,Community Health Team Dundee,Healthy Me,Scheduled Activity,Health And Wellbeing,Group,All Ages,Wednesday,10:30:00,12:00:00,"St Mary's Community Centre,St Kilda Road, Dundee",DD3 9NH,Ria Rooney,01382 435854 or 07584889448 (Ria),ria.rooney@dundeecity.gov.uk,https://www.dundeehealth.co.uk/whats,Yes,Free,,Open to all,Not on Recovery Map,Free group. All welcome.,Health and Wellbeing,10:30,12:00,10:30-12:00,"St Mary's Community Centre,St Kilda Road, Dundee, DD3 9NH, Scotland",56.493868,-3.017043
Dundee City,Community Health Team Dundee,Decider Skills,Scheduled Activity,Health And Wellbeing,Group,Unknown,Wednesday,13:00:00,14:30:00,"Ardler Community Centre, Turnberry Avenue, Dundee",DD2 3TP,Ria Rooney,01382 435854 or 07584889448 (Ria),ria.rooney@dundeecity.gov.uk,https://www.dundeehealth.co.uk/whats,Unknown,Unknown,,,Not on Recovery Map,Focussed on learning new skills to promote and manage your health & wellbeing.,Health and Wellbeing,13:00,14:30,13:00-14:30,"Ardler Community Centre, Turnberry Avenue, Dundee, DD2 3TP, Scotland",56.488118,-3.014678
Dundee City,Community Health Team Dundee,Community Café,Scheduled Activity,Food Resources,Drop-In,All Ages,Friday,11:00:00,13:00:00,"St Mary's Community Centre,St Kilda Road, Dundee",DD3 9HN,Ria Rooney,01382 435854 or 07584889448 (Ria),ria.rooney@dundeecity.gov.uk,https://www.dundeehealth.co.uk/whats,Yes,Free,,Open to all,Not on Recovery Map,Open to all. Free lunch provided. Advice from local agencies.,Food Resources,11:00,13:00,11:00-13:00,"St Mary's Community Centre,St Kilda Road, Dundee, DD3 9HN, Scotland",56.494171,-3.005652
Dundee City,Community Health Team Dundee,Wellbeing Group,Scheduled Activity,Health And Wellbeing,Group,Unknown,Tuesday,09:30:00,11:15:00,"Hilltown Communit Centre, 15 Alexander Street, Dundee",DD3 7DL,Alison Connor,01382 435854 or 07985876805 (Alison),alison.connor@dundeecity.gov.uk,https://www.dundeehealth.co.uk/whats,Unknown,Unknown,,,Not on Recovery Map,Contact Alison for more information 07985876805,Health and Wellbeing,09:30,11:15,09:30-11:15,"Hilltown Communit Centre, 15 Alexander Street, Dundee, DD3 7DL, Scotland",56.468393,-2.971138
Dundee City,Community Health Team Dundee,Pre-Walk Meeting & Chat Group,Scheduled Activity,Health And Wellbeing,Group,Unknown,Wednesday,10:00:00,10:45:00,"Maxwell Centre, Carnegie Street, Dundee",DD3 7EW,Alison Connor,01382 435854 or 07985876805 (Alison),alison.connor@dundeecity.gov.uk,https://www.dundeehealth.co.uk/whats,Yes,Free,,Open to all,Not on Recovery Map,Come along and get to know other people within your community,Health and Wellbeing,10:00,10:45,10:00-10:45,"Maxwell Centre, Carnegie Street, Dundee, DD3 7EW, Scotland",56.470046,-2.971378
Dundee City,Community Health Team Dundee,Walk & Talk Group,Scheduled Activity,Activity Based,Group,Unknown,Wednesday,10:00:00,Unknown,"Maxwell Centre, Carnegie Street, Dundee",DD3 7EW,Alison Connor,01382 435854 or 07985876805 (Alison),alison.connor@dundeecity.gov.uk,https://www.dundeehealth.co.uk/whats,Yes,Free,,Open to all,Not on Recovery Map,Short health walk; all abilities welcome,Activity Based,10:00,,10:00-Unknown,"Maxwell Centre, Carnegie Street, Dundee, DD3 7EW, Scotland",56.470046,-2.971378
Dundee City,Community Health Team Dundee,Time For Me Lunch Group,Scheduled Activity,Health And Wellbeing,Group,Unknown,Wednesday,12:00:00,13:00,"Hilltown Communit Centre, 15 Alexander Street, Dundee",DD3 7DL,Alison Connor,01382 435854 or 07985876805 (Alison),alison.connor@dundeecity.gov.uk,https://www.dundeehealth.co.uk/whats,Unknown,Unknown,,,Not on Recovery Map,For more information contact Alison Connor on 07985876805,Health and Wellbeing,12:00,13:00,12:00-13:00,"Hilltown Communit Centre, 15 Alexander Street, Dundee, DD3 7DL, Scotland",56.468393,-2.971138
Dundee City,Community Health Team Dundee,Time For Me Group,Scheduled Activity,Health And Wellbeing,Group,Unknown,Wednesday,13:15:00,14:00:00,"Hilltown Communit Centre, 15 Alexander Street, Dundee",DD3 7DL,Alison Connor,01382 435854 or 07985876805 (Alison),alison.connor@dundeecity.gov.uk,https://www.dundeehealth.co.uk/whats,Unknown,Unknown,,,Not on Recovery Map,For more information contact Alison Connor on 07985876805,Health and Wellbeing,13:15,14:00,13:15-14:00,"Hilltown Communit Centre, 15 Alexander Street, Dundee, DD3 7DL, Scotland",56.468393,-2.971138
Dundee City,Community Health Team Dundee,Wee Bonnet Café,Scheduled Activity,Food Resources,Drop-In,Unknown,Wednesday,14:00:00,15:00:00,"Hilltown Communit Centre, 15 Alexander Street, Dundee",DD3 7DL,Alison Connor,01382 435854 or 07985876805 (Alison),alison.connor@dundeecity.gov.uk,https://www.dundeehealth.co.uk/whats,Unknown,Unknown,,,Not on Recovery Map,For more information contact Alison Connor on 07985876805,Food Resources,14:00,15:00,14:00-15:00,"Hilltown Communit Centre, 15 Alexander Street, Dundee, DD3 7DL, Scotland",56.468393,-2.971138
Dundee City,Community Health Team Dundee,Healthy Lifestyle Group,Scheduled Activity,Health And Wellbeing,Group,Unknown,Thursday,09:15:00,11:15:00,"United Free Church, Caird Avenue, Dundee",DD3 8AW,Alison Connor,01382 435854 or 07985876805 (Alison),alison.connor@dundeecity.gov.uk,https://www.dundeehealth.co.uk/whats,Unknown,Unknown,,,Not on Recovery Map,Gentle Exercise Group,Health and Wellbeing,09:15,11:15,09:15-11:15,"United Free Church, Caird Avenue, Dundee, DD3 8AW, Scotland",56.476168,-2.97812
Dundee City,Community Health Team Dundee,Wellbeing & Exercise Group,Scheduled Activity,Health And Wellbeing,Group,Unknown,Friday,10:00:00,Unknown,"Hilltown Communit Centre, 15 Alexander Street, Dundee",DD3 7DL,Alison Connor,01382 435854 or 07985876805 (Alison),alison.connor@dundeecity.gov.uk,https://www.dundeehealth.co.uk/whats,Unknown,Unknown,,,Not on Recovery Map,This group is mainly line dancing,Health and Wellbeing,10:00,,10:00-Unknown,"Hilltown Communit Centre, 15 Alexander Street, Dundee, DD3 7DL, Scotland",56.468393,-2.971138
Dundee City,Community Health Team Dundee,Menopause Meetup,Scheduled Activity,Health And Wellbeing,Group,Women,Tuesday,11:00:00,12:30,"Dundee Foodbank Café, 116 Albert Street, Dundee",DD4 6QN,Louise Yannetta,01382 435854 or 07341991643 (Louise),louise.yannetta@dundeecity.gov.uk,https://www.dundeehealth.co.uk/whats,Yes,Free,,Open to all,Not on Recovery Map,This group is for people affected by the perimenopause and menopause. This includes healthchecks by local Keepwell Nurse. Please contact Louise for more information on 07341991643. All welcome.,Health and Wellbeing,11:00,12:30,11:00-12:30,"Dundee Foodbank Café, 116 Albert Street, Dundee, DD4 6QN, Scotland",56.47092,-2.95742
Dundee City,Community Health Team Dundee,Skills & Chills,Scheduled Activity,Health And Wellbeing,Group,Unknown,Wednesday,13:00:00,15:00:00,"Morgan's Café, 1 Pitkerro Road, Dundee",DD4 7ET,Louise Yannetta,01382 435854 or 07341991643 (Louise),louise.yannetta@dundeecity.gov.uk,https://www.dundeehealth.co.uk/whats,Unknown,Unknown,,,Not on Recovery Map,"Topics covered include health & wellbeing, memory boosting activities & tips, immunity drinks & healthy smoothies, reiki & meditation.",Health and Wellbeing,13:00,15:00,13:00-15:00,"Morgan's Café, 1 Pitkerro Road, Dundee, DD4 7ET, Scotland",56.473135,-2.955387
Dundee City,Community Health Team Dundee,Pram Pushing Group,Scheduled Activity,Activity Based,Group,Unknown,Thursday,12:30:00,14:00:00,"Baxter Park Pavillion (next to the play park), Arbroath Road, Dundee",DD4 6BA,Louise Yannetta,01382 435854 or 07341991643 (Louise),louise.yannetta@dundeecity.gov.uk,https://www.dundeehealth.co.uk/whats,Yes,Free,,Open to all,Not on Recovery Map,"Free group, all welcome.",Activity Based,12:30,14:00,12:30-14:00,"Baxter Park Pavillion (next to the play park), Arbroath Road, Dundee, DD4 6BA, Scotland",56.46999,-2.94775
Dundee City,Community Health Team Dundee,Baxter Park Walk & Talk,Scheduled Activity,Activity Based,Group,Unknown,Friday,11:00:00,12:00:00,"Baxter Park Pavillion (next to the play park), Arbroath Road, Dundee",DD4 6BA,Louise Yannetta,01382 435854 or 07341991643 (Louise),louise.yannetta@dundeecity.gov.uk,https://www.dundeehealth.co.uk/whats,Yes,Free,,Open to all,Not on Recovery Map,All abilities welcome.,Activity Based,11:00,12:00,11:00-12:00,"Baxter Park Pavillion (next to the play park), Arbroath Road, Dundee, DD4 6BA, Scotland",56.46999,-2.94775
Dundee City,Community Health Team Dundee,Pram Push With Stay & Play,Scheduled Activity,Activity Based,Group,Unknown,Monday,09:30:00,11:30:00,"Mill O' Mains Community Hub, Barns of Claverhouse Road, Dundee",DD4 9RD,Christine Dallas,01382 435854 or 07985876804 (Christine),christine.dallas@dundeecity.gov.uk,https://www.dundeehealth.co.uk/whats,Unknown,Unknown,,,Not on Recovery Map,Healthy walk followed by stay and play and song time (term time only),Activity Based,09:30,11:30,09:30-11:30,"Mill O' Mains Community Hub, Barns of Claverhouse Road, Dundee, DD4 9RD, Scotland",56.493166,-2.958452
Dundee City,Community Health Team Dundee,Resolve And Evolve,Scheduled Activity,Health And Wellbeing,Drop-In,Unknown,Tuesday,11:00:00,14:00:00,"Lifegate, 50 Haddington Crescent, Whitfield, Dundee",DD4 0NA,Christine Dallas,01382 435854 or 07985876804 (Christine),christine.dallas@dundeecity.gov.uk,https://www.dundeehealth.co.uk/whats,Yes,Unknown,,,Not on Recovery Map,Recovery friendly café/drop-in.,Health and Wellbeing,11:00,14:00,11:00-14:00,"Lifegate, 50 Haddington Crescent, Whitfield, Dundee, DD4 0NA, Scotland",56.489326,-2.918939
Dundee City,Community Health Team Dundee,Thriving Parents,Scheduled Activity,Health And Wellbeing,Group,Unknown,Wednesday,09:30:00,11:30:00,"Fintry Primary School, 10 Findcastle Terrace, Dundee",DD4 9EL,Christine Dallas,01382 435854 or 07985876804 (Christine),christine.dallas@dundeecity.gov.uk,https://www.dundeehealth.co.uk/whats,Unknown,Unknown,,Closed group for parents of children at Fintry Primary School with an additional support need,Not on Recovery Map,Support group for parents of children with an additional support need. Closed group for families at Fintry Primary School.,Health and Wellbeing,09:30,11:30,09:30-11:30,"Fintry Primary School, 10 Findcastle Terrace, Dundee, DD4 9EL, Scotland",56.490054,-2.945213
Dundee City,Community Health Team Dundee,Men'S Group,Scheduled Activity,Health And Wellbeing,Group,Men,Wednesday,10:00:00,12:00:00,"Finmill Centre, Findcastle Street, Dundee",DD4 9EW,Christine Dallas,01382 435854 or 07985876804 (Christine),christine.dallas@dundeecity.gov.uk,https://www.dundeehealth.co.uk/whats,Yes,Unknown,,All men,Not on Recovery Map,"Men's group all men welcome. Tea, toast & board games, activities, health talks and trips",Health and Wellbeing,10:00,12:00,10:00-12:00,"Finmill Centre, Findcastle Street, Dundee, DD4 9EW, Scotland",56.490656,-2.945867
Dundee City,Community Health Team Dundee,Pram Push With Stay & Play,Scheduled Activity,Activity Based,Group,Unknown,Wednesday,13:00:00,15:00:00,"Lifegate, 50 Haddington Crescent, Whitfield, Dundee",DD4 0NA,Christine Dallas,01382 435854 or 07985876804 (Christine),christine.dallas@dundeecity.gov.uk,https://www.dundeehealth.co.uk/whats,Unknown,Unknown,,,Not on Recovery Map,Healthy walk followed by stay and play and song time,Activity Based,13:00,15:00,13:00-15:00,"Lifegate, 50 Haddington Crescent, Whitfield, Dundee, DD4 0NA, Scotland",56.489326,-2.918939
Dundee City,Community Health Team Dundee,Family Healthy Living,Scheduled Activity,Health And Wellbeing,Group,All Ages,Wednesday,15:30:00,17:30:00,"Finmill Centre, Findcastle Street, Dundee",DD4 9EW,Christine Dallas,01382 435854 or 07985876804 (Christine),christine.dallas@dundeecity.gov.uk,https://www.dundeehealth.co.uk/whats,Unknown,Unknown,,,Not on Recovery Map,Hot food and healthy eating advice with walking group / physical activity.,Health and Wellbeing,15:30,17:30,15:30-17:30,"Finmill Centre, Findcastle Street, Dundee, DD4 9EW, Scotland",56.490656,-2.945867
Dundee City,Community Health Team Dundee,Cooking Group,Scheduled Activity,Activity Based,Group,Unknown,Thursday,12:30:00,14:30:00,"The Crescent Community Centre, Lothian Crescent, Dundee",DD4 0HU,Christine Dallas,01382 435854 or 07985876804 (Christine),christine.dallas@dundeecity.gov.uk,https://www.dundeehealth.co.uk/whats,Unknown,Unknown,,,Not on Recovery Map,Healthy one pot cooking in 6 week blocks call to book a place,Activity Based,12:30,14:30,12:30-14:30,"The Crescent Community Centre, Lothian Crescent, Dundee, DD4 0HU, Scotland",56.489789,-2.916208
Dundee City,Community Health Team Dundee,Lifegate Café,Scheduled Activity,Food Resources,Drop-In,Unknown,Friday,11:00:00,13:00:00,"Lifegate, 50 Haddington Crescent, Whitfield, Dundee",DD4 0NA,Christine Dallas,01382 435854 or 07985876804 (Christine),christine.dallas@dundeecity.gov.uk,https://www.dundeehealth.co.uk/whats,Unknown,Unknown,,,Not on Recovery Map,Hot food. Advice and support.,Food Resources,11:00,13:00,11:00-13:00,"Lifegate, 50 Haddington Crescent, Whitfield, Dundee, DD4 0NA, Scotland",56.489326,-2.918939
Dundee City,Community Health Team Dundee,Douglas Pram Pushing Walk & Talk Group,Scheduled Activity,Activity Based,Group,Adults,Monday,13:00:00,14:30:00,"Douglas Community Centre Library, Balmoral Avenue, Dundee",DD4 8SD,Elaine Sword,01382 435854 or 07985876806 (Elaine),elaine.sword@dundeecity.gov.uk,https://www.dundeehealth.co.uk/whats,Unknown,Unknown,,Age 16+,Not on Recovery Map,Monday's runs weekly. Open group 16+ Contact Elaine for more details.,Activity Based,13:00,14:30,13:00-14:30,"Douglas Community Centre Library, Balmoral Avenue, Dundee, DD4 8SD, Scotland",56.478979,-2.902232
Dundee City,Community Health Team Dundee,Creative Inspirations,Scheduled Activity,Activity Based,Group,Unknown,Tuesday,10:00:00,12:00:00,"Douglas Community Centre, Balmoral Avenue, Dundee",DD4 8SD,Elaine Sword,01382 435854 or 07985876806 (Elaine),elaine.sword@dundeecity.gov.uk,https://www.dundeehealth.co.uk/whats,Unknown,Unknown,,,Not on Recovery Map,Monday's runs weekly. Open group 16+ Contact Elaine for more details.,Activity Based,10:00,12:00,10:00-12:00,"Douglas Community Centre, Balmoral Avenue, Dundee, DD4 8SD, Scotland",56.478979,-2.902232
Dundee City,Community Health Team Dundee,Douglas Support Café,Scheduled Activity,Health And Wellbeing,Drop-In,Unknown,Thursday,11:00:00,12:30:00,"Douglas Community Centre, Café Area, Balmoral Avenue, Dundee",DD4 8SD,Elaine Sword,01382 435854 or 07985876806 (Elaine),elaine.sword@dundeecity.gov.uk,https://www.dundeehealth.co.uk/whats,Unknown,Unknown,,,Not on Recovery Map,"Thursday's, runs weekly. Health & Wellbeing services available. Contact Elaine for more details.",Health and Wellbeing,11:00,12:30,11:00-12:30,"Douglas Community Centre, Café Area, Balmoral Avenue, Dundee, DD4 8SD, Scotland",56.478979,-2.902232
Dundee City,Community Health Team Dundee,Linlathen Pram Pushing Walk & Talk Group,Scheduled Activity,Activity Based,Group,Adults,Thursday,13:00:00,14:30:00,"Brooksbank Centre Main Hall, Pitairlie Road, Dundee",DD4 8DG,Elaine Sword,01382 435854 or 07985876806 (Elaine),elaine.sword@dundeecity.gov.uk,https://www.dundeehealth.co.uk/whats,Unknown,Unknown,,Age 16+,Not on Recovery Map,Thursday's runs weekly. Open group 16+ Contact Elaine for more details.,Activity Based,13:00,14:30,13:00-14:30,"Brooksbank Centre Main Hall, Pitairlie Road, Dundee, DD4 8DG, Scotland",56.481396,-2.937224
Dundee City,Community Health Team Dundee,Happy Healthy Me Group,Scheduled Activity,Health And Wellbeing,Group,Unknown,Friday,13:00:00,15:00:00,"Douglas Community Centre, Balmoral Avenue, Dundee",DD4 8SD,Elaine Sword,01382 435854 or 07985876806 (Elaine),elaine.sword@dundeecity.gov.uk,https://www.dundeehealth.co.uk/whats,Unknown,Unknown,,,Not on Recovery Map,"Friday's, runs weekly. Work on your own projects, learn new skills and share your knowledge. Hints & tips to reuse, restore & recreate",Health and Wellbeing,13:00,15:00,13:00-15:00,"Douglas Community Centre, Balmoral Avenue, Dundee, DD4 8SD, Scotland",56.478979,-2.902232
Dundee City,Parish Nursing Dundee,Drop In,Scheduled Activity,Health And Wellbeing,Drop-In,Unknown,Monday,13:00:00,15:00:00,"The Steeple Church, Nethergate, Dundee",DD1 4DG,Barbara MacFarlane/Kirsty Nelson,07938 191450,parishnursing@outlook.com,https://parishnursingdundee.org.uk/,Yes,Free,,,"We run 2 drops-ins throough the week, we also undertake street-level outreach to support physical, mental, social and spiritual health. We offer one-to-one support to help people into, and to sustain recovery.",,Health and Wellbeing,13:00,15:00,13:00-15:00,"The Steeple Church, Nethergate, Dundee, DD1 4DG, Scotland",56.459469,-2.972778
Dundee City,Parish Nursing Dundee,Drop In,Scheduled Activity,Health And Wellbeing,Drop-In,Unknown,Thursday,13:00:00,15:00:00,"The Steeple Church, Nethergate, Dundee",DD1 4DG,Barbara MacFarlane/Kirsty Nelson,07938 191450,parishnursing@outlook.com,https://parishnursingdundee.org.uk/,Yes,Free,,,"We run 2 drops-ins throough the week, we also undertake street-level outreach to support physical, mental, social and spiritual health. We offer one-to-one support to help people into, and to sustain recovery.",,Health and Wellbeing,13:00,15:00,13:00-15:00,"The Steeple Church, Nethergate, Dundee, DD1 4DG, Scotland",56.459469,-2.972778
Dundee City,Parish Nursing Dundee,Men'S Social Group,Scheduled Activity,Health And Wellbeing,Group,Men,Monday,10:30:00,12:00:00,"The Steeple Church, Nethergate, Dundee",DD1 4DG,Barbara MacFarlane/Kirsty Nelson,07938 191450,parishnursing@outlook.com,https://parishnursingdundee.org.uk/,Yes,Free,,Men,"We run 2 drops-ins throough the week, we also undertake street-level outreach to support physical, mental, social and spiritual health. We offer one-to-one support to help people into, and to sustain recovery.",,Health and Wellbeing,10:30,12:00,10:30-12:00,"The Steeple Church, Nethergate, Dundee, DD1 4DG, Scotland",56.459469,-2.972778
Dundee City,Parish Nursing Dundee,Men'S Recovery Support Group,Scheduled Activity,Health And Wellbeing,Group,Men,Thursday,11:00:00,12:00:00,"The Steeple Church, Nethergate, Dundee",DD1 4DG,Barbara MacFarlane/Kirsty Nelson,07938 191450,parishnursing@outlook.com,https://parishnursingdundee.org.uk/,Yes,Free,,Men,"We run 2 drops-ins throough the week, we also undertake street-level outreach to support physical, mental, social and spiritual health. We offer one-to-one support to help people into, and to sustain recovery.",,Health and Wellbeing,11:00,12:00,11:00-12:00,"The Steeple Church, Nethergate, Dundee, DD1 4DG, Scotland",56.459469,-2.972778
Dundee City,Eagle Wings Trust,Food Van,Scheduled Activity,Food Resources,Drop-In,All Ages,Monday,19:00:00,20:00:00,"Constitution Road, Next to Bell St Car Park, Dundee",DD1 1LL,Unknown,01382 201532,eagleswingstrust@outlook.com,https://www.facebook.com/EaglesWingsTrust,Yes,Free,,Open to all,Sharing God's love with individuals and enabling them to start their own recovery journey.,"Eagles Wings Trust is a charity that exists to help those who are homeless, addicted or in the process of recovery, to find freedom from homelessness or addictions, and discover the ultimate freedom in Christ. We provide a soupkitchen 4 nights a week, serving soup, sandwiches, hot drinks etc. We also give out clothes, blankets and literature. During the day we have a drop-in and meet up with some of the service users who are needing a listening ear or advice. We are also involved in a community garden where some of our service users work on Thursdays",Food Resources,19:00,20:00,19:00-20:00,"Constitution Road, Next to Bell St Car Park, Dundee, DD1 1LL, Scotland",56.462299,-2.97493
Dundee City,Eagle Wings Trust,Food Van,Scheduled Activity,Food Resources,Drop-In,All Ages,Tuesday,19:00:00,20:00:00,"Constitution Road, Next to Bell St Car Park, Dundee",DD1 1LL,Unknown,01382 201532,eagleswingstrust@outlook.com,https://www.facebook.com/EaglesWingsTrust,Yes,Free,,Open to all,Sharing God's love with individuals and enabling them to start their own recovery journey.,"Eagles Wings Trust is a charity that exists to help those who are homeless, addicted or in the process of recovery, to find freedom from homelessness or addictions, and discover the ultimate freedom in Christ. We provide a soupkitchen 4 nights a week, serving soup, sandwiches, hot drinks etc. We also give out clothes, blankets and literature. During the day we have a drop-in and meet up with some of the service users who are needing a listening ear or advice. We are also involved in a community garden where some of our service users work on Thursdays",Food Resources,19:00,20:00,19:00-20:00,"Constitution Road, Next to Bell St Car Park, Dundee, DD1 1LL, Scotland",56.462299,-2.97493
Dundee City,Eagle Wings Trust,Food Van,Scheduled Activity,Food Resources,Drop-In,All Ages,Wednesday,19:00:00,20:00:00,"Constitution Road, Next to Bell St Car Park, Dundee",DD1 1LL,Unknown,01382 201532,eagleswingstrust@outlook.com,https://www.facebook.com/EaglesWingsTrust,Yes,Free,,Open to all,Sharing God's love with individuals and enabling them to start their own recovery journey.,"Eagles Wings Trust is a charity that exists to help those who are homeless, addicted or in the process of recovery, to find freedom from homelessness or addictions, and discover the ultimate freedom in Christ. We provide a soupkitchen 4 nights a week, serving soup, sandwiches, hot drinks etc. We also give out clothes, blankets and literature. During the day we have a drop-in and meet up with some of the service users who are needing a listening ear or advice. We are also involved in a community garden where some of our service users work on Thursdays",Food Resources,19:00,20:00,19:00-20:00,"Constitution Road, Next to Bell St Car Park, Dundee, DD1 1LL, Scotland",56.462299,-2.97493
Dundee City,Eagle Wings Trust,Food Van,Scheduled Activity,Food Resources,Drop-In,All Ages,Thursday,19:00:00,20:00:00,"Constitution Road, Next to Bell St Car Park, Dundee",DD1 1LL,Unknown,01382 201532,eagleswingstrust@outlook.com,https://www.facebook.com/EaglesWingsTrust,Yes,Free,,Open to all,Sharing God's love with individuals and enabling them to start their own recovery journey.,"Eagles Wings Trust is a charity that exists to help those who are homeless, addicted or in the process of recovery, to find freedom from homelessness or addictions, and discover the ultimate freedom in Christ. We provide a soupkitchen 4 nights a week, serving soup, sandwiches, hot drinks etc. We also give out clothes, blankets and literature. During the day we have a drop-in and meet up with some of the service users who are needing a listening ear or advice. We are also involved in a community garden where some of our service users work on Thursdays",Food Resources,19:00,20:00,19:00-20:00,"Constitution Road, Next to Bell St Car Park, Dundee, DD1 1LL, Scotland",56.462299,-2.97493
Dundee City,Eagle Wings Trust,Drop In,Scheduled Activity,Health And Wellbeing,One-To-One,All Ages,Tuesday,13:00:00,15:00:00,"The Gatehouse, c/o Strathmore Lodge, 31 Ward Road, Dundee",DD1 1NG,Unknown,01382 201532,eagleswingstrust@outlook.com,https://www.facebook.com/EaglesWingsTrust,Yes,Free,,Open to all,Sharing God's love with individuals and enabling them to start their own recovery journey.,"Eagles Wings Trust is a charity that exists to help those who are homeless, addicted or in the process of recovery, to find freedom from homelessness or addictions, and discover the ultimate freedom in Christ. We provide a soupkitchen 4 nights a week, serving soup, sandwiches, hot drinks etc. We also give out clothes, blankets and literature. During the day we have a drop-in and meet up with some of the service users who are needing a listening ear or advice. We are also involved in a community garden where some of our service users work on Thursdays",Health and Wellbeing,13:00,15:00,13:00-15:00,"The Gatehouse, c/o Strathmore Lodge, 31 Ward Road, Dundee, DD1 1NG, Scotland",56.46169,-2.97784
Dundee City,Eagle Wings Trust,Drop In,Scheduled Activity,Health And Wellbeing,One-To-One,All Ages,Wednesday,13:00:00,15:00:00,"The Gatehouse, c/o Strathmore Lodge, 31 Ward Road, Dundee",DD1 1NG,Unknown,01382 201532,eagleswingstrust@outlook.com,https://www.facebook.com/EaglesWingsTrust,Yes,Free,,Open to all,Sharing God's love with individuals and enabling them to start their own recovery journey.,"Eagles Wings Trust is a charity that exists to help those who are homeless, addicted or in the process of recovery, to find freedom from homelessness or addictions, and discover the ultimate freedom in Christ. We provide a soupkitchen 4 nights a week, serving soup, sandwiches, hot drinks etc. We also give out clothes, blankets and literature. During the day we have a drop-in and meet up with some of the service users who are needing a listening ear or advice. We are also involved in a community garden where some of our service users work on Thursdays",Health and Wellbeing,13:00,15:00,13:00-15:00,"The Gatehouse, c/o Strathmore Lodge, 31 Ward Road, Dundee, DD1 1NG, Scotland",56.46169,-2.97784
Dundee City,Church Army,Pirate Monks,Scheduled Activity,Health And Wellbeing,Group,Men,Unknown,Unknown,Unknown,"Saint Luke's Church, Saint Luke's Road, Dundee",DD3 0LD,Kerry Dixon,07711 410017,kerry.dixon@churcharmy.org,https://www.facebook.com/Stlukesdundee,Unknown,Unknown,,Men,Faith-based recovery group (men only).,,Health and Wellbeing,,,Unknown,"Saint Luke's Church, Saint Luke's Road, Dundee, DD3 0LD, Scotland",56.494407,-2.994676
Dundee City,Church Army,Pirate Nuns,Scheduled Activity,Health And Wellbeing,Group,Women,Unknown,Unknown,Unknown,"Saint Luke's Church, Saint Luke's Road, Dundee",DD3 0LD,Unknown,07711 410017,kerry.dixon@churcharmy.org,https://www.facebook.com/Stlukesdundee,Unknown,Unknown,,Women,Not on Recovery Map,Mentioned on Pirate Monks facebook page,Health and Wellbeing,,,Unknown,"Saint Luke's Church, Saint Luke's Road, Dundee, DD3 0LD, Scotland",56.494407,-2.994676
Scotland,Venture Trust,Various Programmes,By Appointment,Health And Wellbeing,Mixed,Adults,Various,Unknown,Unknown,"Unit 6, Block 1 Manor Farm Business Park, Stirling",FK9 5QD,Unknown,01786 447637,info@venturetrust.org.uk,https://www.venturetrust.org.uk/,Unknown,Unknown,,Eligibility based on programme,"We deliver intensive nees-led personal development in communities and the Scottish wilderness, supporting our participants to gain life skills, stability and confidence to succeed for the rest of their lives.",,Health and Wellbeing,,,Unknown,"Unit 6, Block 1 Manor Farm Business Park, Stirling, FK9 5QD, Scotland",56.13738,-3.88566
Dundee City,Police Scotland 101,,Open Access,Health And Wellbeing,One-To-One,All Ages,Monday,00:00:00,23:59:00,City Wide,,,101,,https://www.scotland.police.uk/contact-us/non-emergencies/,Yes,Free,,Open to all,We are committed to improving the lives of all in our communities. Working with our partners to encourage people onto the recovery path for addictions. City wide.,,Health and Wellbeing,00:00,23:59,00:00-23:59,,,
Dundee City,Police Scotland 102,,Open Access,Health And Wellbeing,One-To-One,All Ages,Tuesday,00:00:00,23:59:00,City Wide,,,101,,https://www.scotland.police.uk/contact-us/non-emergencies/,Yes,Free,,Open to all,We are committed to improving the lives of all in our communities. Working with our partners to encourage people onto the recovery path for addictions. City wide.,,Health and Wellbeing,00:00,23:59,00:00-23:59,,,
Dundee City,Police Scotland 103,,Open Access,Health And Wellbeing,One-To-One,All Ages,Wednesday,00:00:00,23:59:00,City Wide,,,101,,https://www.scotland.police.uk/contact-us/non-emergencies/,Yes,Free,,Open to all,We are committed to improving the lives of all in our communities. Working with our partners to encourage people onto the recovery path for addictions. City wide.,,Health and Wellbeing,00:00,23:59,00:00-23:59,,,
Dundee City,Police Scotland 104,,Open Access,Health And Wellbeing,One-To-One,All Ages,Thursday,00:00:00,23:59:00,City Wide,,,101,,https://www.scotland.police.uk/contact-us/non-emergencies/,Yes,Free,,Open to all,We are committed to improving the lives of all in our communities. Working with our partners to encourage people onto the recovery path for addictions. City wide.,,Health and Wellbeing,00:00,23:59,00:00-23:59,,,
Dundee City,Police Scotland 105,,Open Access,Health And Wellbeing,One-To-One,All Ages,Friday,00:00:00,23:59:00,City Wide,,,101,,https://www.scotland.police.uk/contact-us/non-emergencies/,Yes,Free,,Open to all,We are committed to improving the lives of all in our communities. Working with our partners to encourage people onto the recovery path for addictions. City wide.,,Health and Wellbeing,00:00,23:59,00:00-23:59,,,
Dundee City,Police Scotland 106,,Open Access,Health And Wellbeing,One-To-One,All Ages,Saturday,00:00:00,23:59:00,City Wide,,,101,,https://www.scotland.police.uk/contact-us/non-emergencies/,Yes,Free,,Open to all,We are committed to improving the lives of all in our communities. Working with our partners to encourage people onto the recovery path for addictions. City wide.,,Health and Wellbeing,00:00,23:59,00:00-23:59,,,
Dundee City,Police Scotland 107,,Open Access,Health And Wellbeing,One-To-One,All Ages,Sunday,00:00:00,23:59:00,City Wide,,,101,,https://www.scotland.police.uk/contact-us/non-emergencies/,Yes,Free,,Open to all,We are committed to improving the lives of all in our communities. Working with our partners to encourage people onto the recovery path for addictions. City wide.,,Health and Wellbeing,00:00,23:59,00:00-23:59,,,
Dundee City,Dundee City Council,Dundee Literacies,Unknown,Health And Wellbeing,Mixed,Adults,Unknown,Unknown,Unknown,"1 Shore Terrace, Dundee",DD1 3AH,Unknown,01382 435808,cld@dundeecity.gov.uk or shoreterrace@dundeecity.gov.uk,https://www.facebook.com/LiteraciesDundee/,Unknown,Unknown,,,"We offer learning support to adults who want to work on their reading, writing, numbers and computer skills. You choose what you want to learn.",https://www.dundeecity.gov.uk/service-area/neighbourhood-services/housing-construction-and-community-services/adult-learning/literacies,Health and Wellbeing,,,Unknown,"1 Shore Terrace, Dundee, DD1 3AH, Scotland",56.45982,-2.968286
Dundee City,Alternatives Dundee,Download Youth Counselling,By Appointment,Health And Wellbeing,Mixed,Young People,Monday,09:00:00,17:00:00,"Number 10, 10 Constitution Road, Dundee",DD1 1LL,Unknown,01382 221112 or 07594 145618,info@alternativesdundee.co.uk,https://alternativesdundee.org/download/,Yes,Unknown,,Age 12 - 25,"Our team uniquely combine youth work and counselling skills training to develop tailored one to one and group programmes which help young people to explore and recognise emptions, giving them tools to express these in a safe way.",,Health and Wellbeing,09:00,17:00,09:00-17:00,"Number 10, 10 Constitution Road, Dundee, DD1 1LL, Scotland",56.462299,-2.97493
Dundee City,Alternatives Dundee,Download Youth Counselling,By Appointment,Health And Wellbeing,Mixed,Young People,Tuesday,09:00:00,17:00:00,"Number 10, 10 Constitution Road, Dundee",DD1 1LL,Unknown,01382 221112 or 07594 145618,info@alternativesdundee.co.uk,https://alternativesdundee.org/download/,Yes,Unknown,,Age 12 - 26,"Our team uniquely combine youth work and counselling skills training to develop tailored one to one and group programmes which help young people to explore and recognise emptions, giving them tools to express these in a safe way.",,Health and Wellbeing,09:00,17:00,09:00-17:00,"Number 10, 10 Constitution Road, Dundee, DD1 1LL, Scotland",56.462299,-2.97493
Dundee City,Alternatives Dundee,Download Youth Counselling,By Appointment,Health And Wellbeing,Mixed,Young People,Wednesday,09:00:00,17:00:00,"Number 10, 10 Constitution Road, Dundee",DD1 1LL,Unknown,01382 221112 or 07594 145618,info@alternativesdundee.co.uk,https://alternativesdundee.org/download/,Yes,Unknown,,Age 12 - 27,"Our team uniquely combine youth work and counselling skills training to develop tailored one to one and group programmes which help young people to explore and recognise emptions, giving them tools to express these in a safe way.",,Health and Wellbeing,09:00,17:00,09:00-17:00,"Number 10, 10 Constitution Road, Dundee, DD1 1LL, Scotland",56.462299,-2.97493
Dundee City,Alternatives Dundee,Download Youth Counselling,By Appointment,Health And Wellbeing,Mixed,Young People,Thursday,09:00:00,17:00:00,"Number 10, 10 Constitution Road, Dundee",DD1 1LL,Unknown,01382 221112 or 07594 145618,info@alternativesdundee.co.uk,https://alternativesdundee.org/download/,Yes,Unknown,,Age 12 - 28,"Our team uniquely combine youth work and counselling skills training to develop tailored one to one and group programmes which help young people to explore and recognise emptions, giving them tools to express these in a safe way.",,Health and Wellbeing,09:00,17:00,09:00-17:00,"Number 10, 10 Constitution Road, Dundee, DD1 1LL, Scotland",56.462299,-2.97493
Dundee City,Alternatives Dundee,Download Youth Counselling,By Appointment,Health And Wellbeing,Mixed,Young People,Friday,09:00:00,17:00:00,"Number 10, 10 Constitution Road, Dundee",DD1 1LL,Unknown,01382 221112 or 07594 145618,info@alternativesdundee.co.uk,https://alternativesdundee.org/download/,Yes,Unknown,,Age 12 - 29,"Our team uniquely combine youth work and counselling skills training to develop tailored one to one and group programmes which help young people to explore and recognise emptions, giving them tools to express these in a safe way.",,Health and Wellbeing,09:00,17:00,09:00-17:00,"Number 10, 10 Constitution Road, Dundee, DD1 1LL, Scotland",56.462299,-2.97493
Dundee City,Rock Street Chaplains Dundee,City Wide,Open Access,Health And Wellbeing,Drop-In,All Ages,Friday,22:45:00,01:30:00,"Based on Ward Road, Dundee",DD1 1LP,Unknown,07914 751466,,https://www.dundeechaplains.org.uk/,Yes,Free,,Open to all,We work at night in the city centre of Dundee to share the Gospel and create a safer city. We CARE - Chat Assist Share Encourage.,,Health and Wellbeing,22:45,01:30,22:45-01:30,"Based on Ward Road, Dundee, DD1 1LP, Scotland",56.461895,-2.974814
Dundee City,Rock Street Chaplains Dundee,City Wide,Open Access,Health And Wellbeing,Drop-In,All Ages,Saturday,22:45:00,01:30:00,"Based on Ward Road, Dundee",DD1 1LP,Unknown,7915 751466,,https://www.dundeechaplains.org.uk/,Yes,Free,,Open to all,We work at night in the city centre of Dundee to share the Gospel and create a safer city. We CARE - Chat Assist Share Encourage.,,Health and Wellbeing,22:45,01:30,22:45-01:30,"Based on Ward Road, Dundee, DD1 1LP, Scotland",56.461895,-2.974814
Dundee City,Dundee Law Centre,,By Appointment,Health And Wellbeing,One-To-One,Adults,Unknown,Unknown,Unknown,"163 Albert Street, Dundee",DD4 6PX,Unknown,01382 918230,enquiries@dundeelaw.org,https://dundeelaw.org/,Yes,Free,,People in Dundee,"We help people in Dundee to know their legal rights and have them upheld. Getting disability-related welfare benefits reinstated, clearing debts so people can start again, staying in their home when threatened with eviction and potential homelessness.",,Health and Wellbeing,,,Unknown,"163 Albert Street, Dundee, DD4 6PX, Scotland",56.471221,-2.957071
Dundee City,Veterans First Point Tayside,V1P Tayside,Open Access,Health And Wellbeing,One-To-One,Adults,Unknown,Unknown,Unknown,"The Cottage, Kings Cross Hospital, 10 Hospital Street, Dundee",DD3 8EA,Unknown,01382 424029 or 07811 471443,tay.vfp@nhs.scot,https://www.veteransfirstpoint.org.uk/drop-center/tayside,Yes,Free,,Veterans & families,Supporting veterans and their families with welfare and mental health needs. NHS Tayside staff with experience of military life and NHS clinicians specialising in the treatment of a range of mental health difficulties including trauma.,,Health and Wellbeing,,,Unknown,"The Cottage, Kings Cross Hospital, 10 Hospital Street, Dundee, DD3 8EA, Scotland",56.477428,-2.987497
Dundee City,Aberlour Family Outreach Dundee,,By Appointment,Health And Wellbeing,Mixed,All Ages,Monday,09:00:00,17:00:00,"Lothian Crescent, Dundee",DD4 0HU,Unknown,01382 250840,shelley.brown@aberlour.org.uk,https://www.aberlour.org.uk/service/family-outreach-dundee,Yes,Free,,People affected by drugs & alcohol & their children & families,Can help support you on your recovery journey so your children and families can thrive.,,Health and Wellbeing,09:00,17:00,09:00-17:00,"Lothian Crescent, Dundee, DD4 0HU, Scotland",56.489029,-2.918681
Dundee City,Aberlour Family Outreach Dundee,,By Appointment,Health And Wellbeing,Mixed,All Ages,Tuesday,09:00:00,17:00:00,"Lothian Crescent, Dundee",DD4 0HU,Unknown,01382 250840,shelley.brown@aberlour.org.uk,https://www.aberlour.org.uk/service/family-outreach-dundee,Yes,Free,,People affected by drugs & alcohol & their children & families,Can help support you on your recovery journey so your children and families can thrive.,,Health and Wellbeing,09:00,17:00,09:00-17:00,"Lothian Crescent, Dundee, DD4 0HU, Scotland",56.489029,-2.918681
Dundee City,Aberlour Family Outreach Dundee,,By Appointment,Health And Wellbeing,Mixed,All Ages,Wednesday,09:00:00,17:00:00,"Lothian Crescent, Dundee",DD4 0HU,Unknown,01382 250840,shelley.brown@aberlour.org.uk,https://www.aberlour.org.uk/service/family-outreach-dundee,Yes,Free,,People affected by drugs & alcohol & their children & families,Can help support you on your recovery journey so your children and families can thrive.,,Health and Wellbeing,09:00,17:00,09:00-17:00,"Lothian Crescent, Dundee, DD4 0HU, Scotland",56.489029,-2.918681
Dundee City,Aberlour Family Outreach Dundee,,By Appointment,Health And Wellbeing,Mixed,All Ages,Thursday,09:00:00,17:00:00,"Lothian Crescent, Dundee",DD4 0HU,Unknown,01382 250840,shelley.brown@aberlour.org.uk,https://www.aberlour.org.uk/service/family-outreach-dundee,Yes,Free,,People affected by drugs & alcohol & their children & families,Can help support you on your recovery journey so your children and families can thrive.,,Health and Wellbeing,09:00,17:00,09:00-17:00,"Lothian Crescent, Dundee, DD4 0HU, Scotland",56.489029,-2.918681
Dundee City,Aberlour Family Outreach Dundee,,By Appointment,Health And Wellbeing,Mixed,All Ages,Friday,09:00:00,17:00:00,"Lothian Crescent, Dundee",DD4 0HU,Unknown,01382 250840,shelley.brown@aberlour.org.uk,https://www.aberlour.org.uk/service/family-outreach-dundee,Yes,Free,,People affected by drugs & alcohol & their children & families,Can help support you on your recovery journey so your children and families can thrive.,,Health and Wellbeing,09:00,17:00,09:00-17:00,"Lothian Crescent, Dundee, DD4 0HU, Scotland",56.489029,-2.918681
Dundee City,Making Recovery Real In Dundee,,Unknown,Peer Support,Mixed,Unknown,Unknown,Unknown,Unknown,"Number 10, 10 Constitution Road, Dundee",DD1 1LL,Kevin Hamil,01382 305700 or 07719 969231,kevinhamil@dvva.scot,https://dvva.scot/our-work/third-sector-mental-health-forum/making-recovery-real-in-dundee/,Unknown,Unknown,,,Partnership project promoting recovery through story sharing and peer support.,,Peer Support,,,Unknown,"Number 10, 10 Constitution Road, Dundee, DD1 1LL, Scotland",56.462299,-2.97493
Uk,Families Anonymous,Uk Wide Helpline,Open Access,Family/Carer Support,One-To-One,All Ages,Monday,13:00:00,16:00:00,UK wide,,,0207 4984680,office@famanon.org.uk,https://famanon.org.uk/,Yes,Free,,,"A self-help support of networks for families and friends of people with a current, suspected or former drug problem.",,Family/Carer Support,13:00,16:00,13:00-16:00,,,
Uk,Families Anonymous,Uk Wide,Open Access,Family/Carer Support,One-To-One,All Ages,Monday,18:00:00,21:00:00,UK wide,,,0207 4984680,office@famanon.org.uk,https://famanon.org.uk/,Yes,Free,,,"A self-help support of networks for families and friends of people with a current, suspected or former drug problem.",,Family/Carer Support,18:00,21:00,18:00-21:00,,,
Uk,Families Anonymous,Uk Wide,Open Access,Family/Carer Support,One-To-One,All Ages,Tuesday,13:00:00,16:00:00,UK wide,,,0207 4984680,office@famanon.org.uk,https://famanon.org.uk/,Yes,Free,,,"A self-help support of networks for families and friends of people with a current, suspected or former drug problem.",,Family/Carer Support,13:00,16:00,13:00-16:00,,,
Uk,Families Anonymous,Uk Wide,Open Access,Family/Carer Support,One-To-One,All Ages,Tuesday,18:00:00,21:00:00,UK wide,,,0207 4984680,office@famanon.org.uk,https://famanon.org.uk/,Yes,Free,,,"A self-help support of networks for families and friends of people with a current, suspected or former drug problem.",,Family/Carer Support,18:00,21:00,18:00-21:00,,,
Uk,Families Anonymous,Uk Wide,Open Access,Family/Carer Support,One-To-One,All Ages,Wednesday,13:00:00,16:00:00,UK wide,,,0207 4984680,office@famanon.org.uk,https://famanon.org.uk/,Yes,Free,,,"A self-help support of networks for families and friends of people with a current, suspected or former drug problem.",,Family/Carer Support,13:00,16:00,13:00-16:00,,,
Uk,Families Anonymous,Uk Wide,Open Access,Family/Carer Support,One-To-One,All Ages,Wednesday,18:00:00,21:00:00,UK wide,,,0207 4984680,office@famanon.org.uk,https://famanon.org.uk/,Yes,Free,,,"A self-help support of networks for families and friends of people with a current, suspected or former drug problem.",,Family/Carer Support,18:00,21:00,18:00-21:00,,,
Uk,Families Anonymous,Uk Wide,Open Access,Family/Carer Support,One-To-One,All Ages,Thursday,13:00:00,16:00:00,UK wide,,,0207 4984680,office@famanon.org.uk,https://famanon.org.uk/,Yes,Free,,,"A self-help support of networks for families and friends of people with a current, suspected or former drug problem.",,Family/Carer Support,13:00,16:00,13:00-16:00,,,
Uk,Families Anonymous,Uk Wide,Open Access,Family/Carer Support,One-To-One,All Ages,Thursday,18:00:00,21:00:00,UK wide,,,0207 4984680,office@famanon.org.uk,https://famanon.org.uk/,Yes,Free,,,"A self-help support of networks for families and friends of people with a current, suspected or former drug problem.",,Family/Carer Support,18:00,21:00,18:00-21:00,,,
Uk,Families Anonymous,Uk Wide,Open Access,Family/Carer Support,One-To-One,All Ages,Friday,13:00:00,16:00:00,UK wide,,,0207 4984680,office@famanon.org.uk,https://famanon.org.uk/,Yes,Free,,,"A self-help support of networks for families and friends of people with a current, suspected or former drug problem.",,Family/Carer Support,13:00,16:00,13:00-16:00,,,
Uk,Families Anonymous,Uk Wide,Open Access,Family/Carer Support,One-To-One,All Ages,Friday,18:00:00,21:00:00,UK wide,,,0207 4984680,office@famanon.org.uk,https://famanon.org.uk/,Yes,Free,,,"A self-help support of networks for families and friends of people with a current, suspected or former drug problem.",,Family/Carer Support,18:00,21:00,18:00-21:00,,,
Scotland,Scottish Families Affected by Drugs,Scotland Wide,Open Access,Family/Carer Support,One-To-One,All Ages,Unknown,Unknown,Unknown,Scotland wide,,,08080 101011,helpline@sfad.org.uk,https://www.sfad.org.uk/,Yes,Free,,People concerned about someone else's substance use,National Helpline for anyone who has a concern about someone else's substance use. Provide one to one family support via phone or video link at a time that suits. Visit online for details of our national take-home Naloxone programme and our family bereavement support.,,Family/Carer Support,,,Unknown,"Scotland wide, , Scotland",,
Dundee City,Needs 2 (Bridging the gap),Meeting 1St Monday Of The Month,Scheduled Activity,Peer Support,Group,All Ages,Monday,19:30:00,Unknown,"Dundee Carers Centre, Seagate House, Dundee",DD1 2HB,Unknown,01224 557672,,https://www.needs-scotland.org/meetings/,Yes,Free,,Recoverers and carers of those with eating disorders,Offering help and support for anyone affected by eating disorders.,,Peer Support,19:30,,19:30-Unknown,"Dundee Carers Centre, Seagate House, Dundee, DD1 2HB, Scotland",56.46346,-2.966359
Dundee City,Boomerang Community Centre SCIO,Community Larder,Open Access,Food Resources,Drop-In,All Ages,Monday,10:00:00,12:00:00,"10 Kemback Street, Dundee",DD4 6ET,Unknown,,,,Yes,Mixed,"£2 for 8 store items, can add £2 for 2 fridge/freezer and/or £1 for 2 cleaning/ toiletries. Free: Bakery, fruit & veg, sanitary products.",Open to all,Not on recovery map,"Community Larder- store items, fridge, freezer, bakery, cleaning, toiletries, sanitary products, nappies when available",Food Resources,10:00,12:00,10:00-12:00,"10 Kemback Street, Dundee, DD4 6ET, Scotland",56.469132,-2.95661
Dundee City,Boomerang Community Centre SCIO,Community Larder,Open Access,Food Resources,Drop-In,All Ages,Wednesday,10:00:00,12:00:00,"10 Kemback Street, Dundee",DD4 6ET,Unknown,,,,Yes,Mixed,"£2 for 8 store items, can add £2 for 2 fridge/freezer and/or £1 for 2 cleaning/ toiletries. Free: Bakery, fruit & veg, sanitary products.",Open to all,Not on recovery map,"Community Larder- store items, fridge, freezer, bakery, cleaning, toiletries, sanitary products, nappies when available",Food Resources,10:00,12:00,10:00-12:00,"10 Kemback Street, Dundee, DD4 6ET, Scotland",56.469132,-2.95661
Dundee City,Boomerang Community Centre SCIO,Community Larder,Open Access,Food Resources,Drop-In,All Ages,Friday,10:00:00,12:00:00,"10 Kemback Street, Dundee",DD4 6ET,Unknown,,,,Yes,Mixed,"£2 for 8 store items, can add £2 for 2 fridge/freezer and/or £1 for 2 cleaning/ toiletries. Free: Bakery, fruit & veg, sanitary products.",Open to all,Not on recovery map,"Community Larder- store items, fridge, freezer, bakery, cleaning, toiletries, sanitary products, nappies when available",Food Resources,10:00,12:00,10:00-12:00,"10 Kemback Street, Dundee, DD4 6ET, Scotland",56.469132,-2.95661
Dundee City,Boomerang Community Centre SCIO,Cosy Café,Open Access,Food Resources,Drop-In,All Ages,Monday,10:00:00,11:30:00,"10 Kemback Street, Dundee",DD4 6ET,Unknown,,,,Yes,Free,,Open to all,Not on recovery map,"Cosy café - free tea/coffee, toast, sometimes pastries too.",Food Resources,10:00,11:30,10:00-11:30,"10 Kemback Street, Dundee, DD4 6ET, Scotland",56.469132,-2.95661
Dundee City,Boomerang Community Centre SCIO,Cosy Café,Open Access,Food Resources,Drop-In,All Ages,Tuesday,10:00:00,11:30:00,"10 Kemback Street, Dundee",DD4 6ET,Unknown,,,,Yes,Free,,Open to all,Not on recovery map,"Cosy café - free tea/coffee, toast, sometimes pastries too.",Food Resources,10:00,11:30,10:00-11:30,"10 Kemback Street, Dundee, DD4 6ET, Scotland",56.469132,-2.95661
Dundee City,Boomerang Community Centre SCIO,Cosy Café,Open Access,Food Resources,Drop-In,All Ages,Wednesday,10:00:00,11:30:00,"10 Kemback Street, Dundee",DD4 6ET,Unknown,,,,Yes,Free,,Open to all,Not on recovery map,"Cosy café - free tea/coffee, toast, sometimes pastries too.",Food Resources,10:00,11:30,10:00-11:30,"10 Kemback Street, Dundee, DD4 6ET, Scotland",56.469132,-2.95661
Dundee City,Boomerang Community Centre SCIO,Cosy Café,Open Access,Food Resources,Drop-In,All Ages,Thursday,10:00:00,11:30:00,"10 Kemback Street, Dundee",DD4 6ET,Unknown,,,,Yes,Free,,Open to all,Not on recovery map,"Cosy café - free tea/coffee, toast, sometimes pastries too.",Food Resources,10:00,11:30,10:00-11:30,"10 Kemback Street, Dundee, DD4 6ET, Scotland",56.469132,-2.95661
Dundee City,Boomerang Community Centre SCIO,Cosy Café,Open Access,Food Resources,Drop-In,All Ages,Friday,10:00:00,11:30:00,"10 Kemback Street, Dundee",DD4 6ET,Unknown,,,,Yes,Free,,Open to all,Not on recovery map,"Cosy café - free tea/coffee, toast, sometimes pastries too.",Food Resources,10:00,11:30,10:00-11:30,"10 Kemback Street, Dundee, DD4 6ET, Scotland",56.469132,-2.95661
Dundee City,Boomerang Community Centre SCIO,Lunch Club,Open Access,Food Resources,Drop-In,All Ages,Monday,12:15:00,13:15:00,"10 Kemback Street, Dundee",DD4 6ET,Unknown,,,,Yes,Paid,4,Open to all,Not on recovery map,Two course hot meal.,Food Resources,12:15,13:15,12:15-13:15,"10 Kemback Street, Dundee, DD4 6ET, Scotland",56.469132,-2.95661
Dundee City,Boomerang Community Centre SCIO,Lunch Club,Open Access,Food Resources,Drop-In,All Ages,Tuesday,12:15:00,13:15:00,"10 Kemback Street, Dundee",DD4 6ET,Unknown,,,,Yes,Paid,4,Open to all,Not on recovery map,Two course hot meal.,Food Resources,12:15,13:15,12:15-13:15,"10 Kemback Street, Dundee, DD4 6ET, Scotland",56.469132,-2.95661
Dundee City,Boomerang Community Centre SCIO,Lunch Club,Open Access,Food Resources,Drop-In,All Ages,Wednesday,12:15:00,13:15:00,"10 Kemback Street, Dundee",DD4 6ET,Unknown,,,,Yes,Paid,4,Open to all,Not on recovery map,Two course hot meal.,Food Resources,12:15,13:15,12:15-13:15,"10 Kemback Street, Dundee, DD4 6ET, Scotland",56.469132,-2.95661
Dundee City,Boomerang Community Centre SCIO,Lunch Club,Open Access,Food Resources,Drop-In,All Ages,Thursday,12:15:00,13:15:00,"10 Kemback Street, Dundee",DD4 6ET,Unknown,,,,Yes,Paid,4,Open to all,Not on recovery map,Two course hot meal.,Food Resources,12:15,13:15,12:15-13:15,"10 Kemback Street, Dundee, DD4 6ET, Scotland",56.469132,-2.95661
Dundee City,Fairfield Community Hub,Food Larder,Open Access,Food Resources,Drop-In,All Ages,Monday,10:00:00,12:00:00,"Fairfield Community Hub Food Larder, Drumgeith Road, Dundee",DD4 0JX,Unknown,,,,Yes,Paid,"£7 initial membership fee (includes first shop), thereafter £5 per shop which includes everything",Open to all,Not on recovery map,"Ambient items, fridge, freezer, toiletries, cleaning products, nappies, sanitary items, occasionally bakery products.",Food Resources,10:00,12:00,10:00-12:00,"Fairfield Community Hub Food Larder, Drumgeith Road, Dundee, DD4 0JX, Scotland",56.483096,-2.921193
Dundee City,Fairfield Community Hub,Food Larder,Open Access,Food Resources,Drop-In,All Ages,Saturday,10:00:00,12:00:00,"Fairfield Community Hub Food Larder, Drumgeith Road, Dundee",DD4 0JX,Unknown,,,,Yes,Paid,"£7 initial membership fee (includes first shop), thereafter £5 per shop which includes everything",Open to all,Not on recovery map,"Ambient items, fridge, freezer, toiletries, cleaning products, nappies, sanitary items, occasionally bakery products.",Food Resources,10:00,12:00,10:00-12:00,"Fairfield Community Hub Food Larder, Drumgeith Road, Dundee, DD4 0JX, Scotland",56.483096,-2.921193
Dundee City,Just Bee,Food Larder,Open Access,Food Resources,Drop-In,All Ages,Monday,10:00:00,14:00:00,"Side entrance, Meadowside St Paul's Church, 118 Nethergate, Dundee",DD1 4EH,Unknown,,,,Yes,Paid,£3 for 8 items plus often free fruit and bakery items,Open to all,Not on recovery map,"Ambient items, refridgerated items, freezer items & toiletries.",Food Resources,10:00,14:00,10:00-14:00,"Side entrance, Meadowside St Paul's Church, 118 Nethergate, Dundee, DD1 4EH, Scotland",56.458385,-2.972881
Dundee City,Just Bee,Food Larder,Open Access,Food Resources,Drop-In,All Ages,Tuesday,10:00:00,14:00:00,"Side entrance, Meadowside St Paul's Church, 118 Nethergate, Dundee",DD1 4EH,Unknown,,,,Yes,Paid,£3 for 8 items plus often free fruit and bakery items,Open to all,Not on recovery map,"Ambient items, refridgerated items, freezer items & toiletries.",Food Resources,10:00,14:00,10:00-14:00,"Side entrance, Meadowside St Paul's Church, 118 Nethergate, Dundee, DD1 4EH, Scotland",56.458385,-2.972881
Dundee City,Just Bee,Food Larder,Open Access,Food Resources,Drop-In,All Ages,Wednesday,10:00:00,14:00:00,"Side entrance, Meadowside St Paul's Church, 118 Nethergate, Dundee",DD1 4EH,Unknown,,,,Yes,Paid,£3 for 8 items plus often free fruit and bakery items,Open to all,Not on recovery map,"Ambient items, refridgerated items, freezer items & toiletries.",Food Resources,10:00,14:00,10:00-14:00,"Side entrance, Meadowside St Paul's Church, 118 Nethergate, Dundee, DD1 4EH, Scotland",56.458385,-2.972881
Dundee City,Just Bee,Food Larder,Open Access,Food Resources,Drop-In,All Ages,Thursday,10:00:00,14:00:00,"Side entrance, Meadowside St Paul's Church, 118 Nethergate, Dundee",DD1 4EH,Unknown,,,,Yes,Paid,£3 for 8 items plus often free fruit and bakery items,Open to all,Not on recovery map,"Ambient items, refridgerated items, freezer items & toiletries.",Food Resources,10:00,14:00,10:00-14:00,"Side entrance, Meadowside St Paul's Church, 118 Nethergate, Dundee, DD1 4EH, Scotland",56.458385,-2.972881
Dundee City,Just Bee,Food Larder,Open Access,Food Resources,Drop-In,All Ages,Friday,10:00:00,14:00:00,"Side entrance, Meadowside St Paul's Church, 118 Nethergate, Dundee",DD1 4EH,Unknown,,,,Yes,Paid,£3 for 8 items plus often free fruit and bakery items,Open to all,Not on recovery map,"Ambient items, refridgerated items, freezer items & toiletries.",Food Resources,10:00,14:00,10:00-14:00,"Side entrance, Meadowside St Paul's Church, 118 Nethergate, Dundee, DD1 4EH, Scotland",56.458385,-2.972881
Dundee City,Just Bee,Food Larder,Open Access,Food Resources,Drop-In,All Ages,Saturday,10:30:00,14:30:00,"Side entrance, Meadowside St Paul's Church, 118 Nethergate, Dundee",DD1 4EH,Unknown,,,,Yes,Paid,£3 for 8 items plus often free fruit and bakery items,Open to all,Not on recovery map,"Ambient items, refridgerated items, freezer items & toiletries.",Food Resources,10:30,14:30,10:30-14:30,"Side entrance, Meadowside St Paul's Church, 118 Nethergate, Dundee, DD1 4EH, Scotland",56.458385,-2.972881
Dundee City,Just Bee,Hot Lunch,Open Access,Food Resources,Drop-In,All Ages,Wednesday,11:00:00,13:00:00,"Side entrance, Meadowside St Paul's Church, 118 Nethergate, Dundee",DD1 4EH,Unknown,,,,Yes,Free,,Open to all,Not on recovery map,Hot lunch.,Food Resources,11:00,13:00,11:00-13:00,"Side entrance, Meadowside St Paul's Church, 118 Nethergate, Dundee, DD1 4EH, Scotland",56.458385,-2.972881
Dundee City,Just Bee,Café,Open Access,Food Resources,Drop-In,All Ages,Thursday,13:00:00,17:00:00,"Side entrance, Meadowside St Paul's Church, 118 Nethergate, Dundee",DD1 4EH,Unknown,,,,Yes,Paid,Low cost,Open to all,Not on recovery map,"Low cost (hot rolls, toasties, cakes, specials).",Food Resources,13:00,17:00,13:00-17:00,"Side entrance, Meadowside St Paul's Church, 118 Nethergate, Dundee, DD1 4EH, Scotland",56.458385,-2.972881
Dundee City,Just Bee,Hot Lunch,Open Access,Food Resources,Drop-In,All Ages,Friday,11:00:00,13:00:00,"Side entrance, Meadowside St Paul's Church, 118 Nethergate, Dundee",DD1 4EH,Unknown,,,,Yes,Free,,Open to all,Not on recovery map,Hot lunch.,Food Resources,11:00,13:00,11:00-13:00,"Side entrance, Meadowside St Paul's Church, 118 Nethergate, Dundee, DD1 4EH, Scotland",56.458385,-2.972881
Dundee City,Just Bee,Café,Open Access,Food Resources,Drop-In,All Ages,Saturday,10:30:00,14:30:00,"Side entrance, Meadowside St Paul's Church, 118 Nethergate, Dundee",DD1 4EH,Unknown,,,,Yes,Paid,Low cost,Open to all,Not on recovery map,"Café—low cost (breakfasts, hot rolls, toasties, cakes, specials)",Food Resources,10:30,14:30,10:30-14:30,"Side entrance, Meadowside St Paul's Church, 118 Nethergate, Dundee, DD1 4EH, Scotland",56.458385,-2.972881
Dundee City,Ardler Community Complex,Café Ardler,Open Access,Food Resources,Drop-In,All Ages,Monday,10:00:00,15:00:00,"95 Turnberry Avenue, Dundee",DD2 3WN,Unknown,,,,Yes,Paid,All meals £1,Open to all,Not on recovery map,Low cost food. Breakfast/lunch.,Food Resources,10:00,15:00,10:00-15:00,"95 Turnberry Avenue, Dundee, DD2 3WN, Scotland",56.487414,-3.014612
Dundee City,Ardler Community Complex,Café Ardler,Open Access,Food Resources,Drop-In,All Ages,Tuesday,10:00:00,18:00:00,"95 Turnberry Avenue, Dundee",DD2 3WN,Unknown,,,,Yes,Paid,All meals £1,Open to all,Not on recovery map,Breakfast/lunch/dinner,Food Resources,10:00,18:00,10:00-18:00,"95 Turnberry Avenue, Dundee, DD2 3WN, Scotland",56.487414,-3.014612
Dundee City,Ardler Community Complex,Café Ardler,Open Access,Food Resources,Drop-In,All Ages,Wednesday,10:00:00,18:00:00,"95 Turnberry Avenue, Dundee",DD2 3WN,Unknown,,,,Yes,Paid,All meals £1,Open to all,Not on recovery map,Breakfast/lunch/dinner,Food Resources,10:00,18:00,10:00-18:00,"95 Turnberry Avenue, Dundee, DD2 3WN, Scotland",56.487414,-3.014612
Dundee City,Ardler Community Complex,Café Ardler,Open Access,Food Resources,Drop-In,All Ages,Thursday,10:00:00,18:00:00,"95 Turnberry Avenue, Dundee",DD2 3WN,Unknown,,,,Yes,Paid,All meals £1,Open to all,Not on recovery map,Breakfast/lunch/dinner,Food Resources,10:00,18:00,10:00-18:00,"95 Turnberry Avenue, Dundee, DD2 3WN, Scotland",56.487414,-3.014612
Dundee City,Ardler Community Complex,Café Ardler,Open Access,Food Resources,Drop-In,All Ages,Friday,10:00:00,15:00:00,"95 Turnberry Avenue, Dundee",DD2 3WN,Unknown,,,,Yes,Paid,All meals £1,Open to all,Not on recovery map,Breakfast/lunch.,Food Resources,10:00,15:00,10:00-15:00,"95 Turnberry Avenue, Dundee, DD2 3WN, Scotland",56.487414,-3.014612
Dundee City,Lochee Community Larder & Café,Food Larder,Open Access,Food Resources,Drop-In,All Ages,Monday,11:00:00,13:00:00,"15 Whorterbank, Dundee",DD2 3AB,Unknown,,,,Yes,Paid,Basic bag £3. Basic plus 2 fridge or freezer items £6. Basic plus 4 fridge or freezer items £8.,Open to all,Not on recovery map,"Ambient, fridge, freezer, bakery, fruit & veg, sanitary products, nappies when available.",Food Resources,11:00,13:00,11:00-13:00,"15 Whorterbank, Dundee, DD2 3AB, Scotland",56.470954,-3.006068
Dundee City,Lochee Community Larder & Café,Food Larder,Open Access,Food Resources,Drop-In,All Ages,Wednesday,11:00:00,13:00:00,"15 Whorterbank, Dundee",DD2 3AB,Unknown,,,,Yes,Paid,Basic bag £3. Basic plus 2 fridge or freezer items £6. Basic plus 4 fridge or freezer items £8,Open to all,Not on recovery map,"Ambient, fridge, freezer, bakery, fruit & veg, sanitary products, nappies when available.",Food Resources,11:00,13:00,11:00-13:00,"15 Whorterbank, Dundee, DD2 3AB, Scotland",56.470954,-3.006068
Dundee City,Lochee Community Larder & Café,Food Larder,Open Access,Food Resources,Drop-In,All Ages,Friday,11:00:00,13:00:00,"15 Whorterbank, Dundee",DD2 3AB,Unknown,,,,Yes,Paid,Basic bag £3. Basic plus 2 fridge or freezer items £6. Basic plus 4 fridge or freezer items £8,Open to all,Not on recovery map,"Ambient, fridge, freezer, bakery, fruit & veg, sanitary products, nappies when available.",Food Resources,11:00,13:00,11:00-13:00,"15 Whorterbank, Dundee, DD2 3AB, Scotland",56.470954,-3.006068
Dundee City,Lochee Community Larder & Café,Café,Open Access,Food Resources,Drop-In,All Ages,Monday,11:00:00,14:00:00,"15 Whorterbank, Dundee",DD2 3AB,Unknown,,,,Yes,Free,,Open to all,Not on recovery map,Breakfast then lunch.,Food Resources,11:00,14:00,11:00-14:00,"15 Whorterbank, Dundee, DD2 3AB, Scotland",56.470954,-3.006068
Dundee City,Lochee Community Larder & Café,Café,Open Access,Food Resources,Drop-In,All Ages,Wednesday,11:00:00,14:00:00,"15 Whorterbank, Dundee",DD2 3AB,Unknown,,,,Yes,Free,,Open to all,Not on recovery map,Breakfast then lunch.,Food Resources,11:00,14:00,11:00-14:00,"15 Whorterbank, Dundee, DD2 3AB, Scotland",56.470954,-3.006068
Dundee City,Lochee Community Larder & Café,Café,Open Access,Food Resources,Drop-In,All Ages,Friday,11:00:00,14:00:00,"15 Whorterbank, Dundee",DD2 3AB,Unknown,,,,Yes,Free,,Open to all,Not on recovery map,Breakfast then lunch.,Food Resources,11:00,14:00,11:00-14:00,"15 Whorterbank, Dundee, DD2 3AB, Scotland",56.470954,-3.006068
Dundee City,Gilfillan Memorial Church,Parent & Toddler Group,Scheduled Activity,Food Resources,Group,All Ages,Monday,12:00:00,15:00:00,"Gilfillan Memorial Church, 24 Whitehall Crescent, Dundee",DD1 4AY,Unknown,,,,Yes,Free,,Parents & Toddlers,Not on recovery map,"Sandwiches, yoghurt, fruit, biscuits, drinks.",Food Resources,12:00,15:00,12:00-15:00,"Gilfillan Memorial Church, 24 Whitehall Crescent, Dundee, DD1 4AY, Scotland",56.458997,-2.969413
Dundee City,Gilfillan Memorial Church,Wired Drop-In,Open Access,Food Resources,Drop-In,Unknown,Friday,11:00:00,13:00:00,"Gilfillan Memorial Church, 24 Whitehall Crescent, Dundee",DD1 4AY,Unknown,,,,Yes,Free,,,Not on recovery map,"Hot food, tea/coffee.",Food Resources,11:00,13:00,11:00-13:00,"Gilfillan Memorial Church, 24 Whitehall Crescent, Dundee, DD1 4AY, Scotland",56.458997,-2.969413
Dundee City,Parish Nursing Dundee,Lunch & Additional Support,Open Access,Food Resources,Drop-In,All Ages,Monday,13:00:00,15:00:00,"The Steeple Church, Nethergate, Dundee",DD1 4DG,Barbara MacFarlane/Kirsty Nelson,,,,Yes,Free,,Open to all,,Lunch & additional support. Dental van outside 10:30 - 15:00.,Food Resources,13:00,15:00,13:00-15:00,"The Steeple Church, Nethergate, Dundee, DD1 4DG, Scotland",56.459469,-2.972778
Dundee City,Parish Nursing Dundee,Lunch & Additional Support,Open Access,Food Resources,Drop-In,All Ages,Thursday,13:00:00,15:00:00,"The Steeple Church, Nethergate, Dundee",DD1 4DG,Barbara MacFarlane/Kirsty Nelson,,,,Yes,Free,,Open to all,,Lunch & additional support. Dental van outside 10:30 - 15:00.,Food Resources,13:00,15:00,13:00-15:00,"The Steeple Church, Nethergate, Dundee, DD1 4DG, Scotland",56.459469,-2.972778
Dundee City,Brooksbank Centre & Services,Brooksbank Teatime,Open Access,Food Resources,Drop-In,All Ages,Monday,16:00:00,16:45:00,"Pitairlie Road, Mid Craigie Road, Dundee",DD4 8DG,Unknown,,,,Yes,Paid,"Adult £1, child 50p",Open to all,Not on recovery map,Hot food.,Food Resources,16:00,16:45,16:00-16:45,"Pitairlie Road, Mid Craigie Road, Dundee, DD4 8DG, Scotland",56.481396,-2.937224
Dundee City,Brooksbank Centre & Services,Brooksbank Teatime,Open Access,Food Resources,Drop-In,All Ages,Wednesday,16:00:00,16:45:00,"Pitairlie Road, Mid Craigie Road, Dundee",DD4 8DG,Unknown,,,,Yes,Paid,"Adult £1, child 50p",Open to all,Not on recovery map,Hot food.,Food Resources,16:00,16:45,16:00-16:45,"Pitairlie Road, Mid Craigie Road, Dundee, DD4 8DG, Scotland",56.481396,-2.937224
